codigo,descripcion
1000255,SIMILAXOL 78 100MG C/100
1000268,HALOPERIL 5MG/ML AMP IM (HALOPERIDOL)
1000280,FILATIL 300 MCG JER PRELL C/1 FILGRASTIM
1000294,IGEF (CELECOXIB) 200MG C/20 CAP
2900193,REFRESH TEARS GTS 15ML (CARBOXIMETILCELULOSA SSDICA AL 0.5%)
2900217,"HIPOGLOS TUBO 110G (OXIDO DE ZINC/VITAMINA A,E)"
2900369,TRADERMA UNGUENTO 0.1%TACROLIMUS CAJA CON TUBO/30G
2900517,ALBUMINA DE HUEVO 400GR OVOPROT
2900557,ABINTRA POLVO 27G (SUPLEMENTO ALIMENTICIO)
3300015,EMLA 2.5/2.5MG CREMA 30G(LIDOCAINA/PRILOCAINA)
3300018,LYRICA 150MG C/14 TAB(PREGABALINA)
3300019,LYRICA 150MG C/28 CAP PREGABALINA
3300021,CIPRO XR 500MG C/7 CPR(CIPROFLOXACINO)
3300022,MOTILIUM SUSP GOTAS 60ML(DOMPERDONE)
3300028,VIGAMOXI SOL 5ML 0.5% OFT(MOXIFLOXACINO)
3300029,ADIMOD SOLUCION 800MG/7ML CAJA C/10 FCO (PIDOTIMOD)
3300031,LIBERAN 50MG C/60 CPR(SIMETICONA)
3300035,SENSIBIT XP TAB C/20(LORATADINA/AMBROXOL)
3300037,BACTRIM F 800/160MG C/14 CPR SULFAMETOXAZOL Y TRIMETOPRIMA
3300046,PEDIALYTE SR-45 500ML
3300048,JANUMET 50MG/850MG C/56 TAB SITAGLIPTINA/METFORMINA
3300053,MUCOVIBROL SOL. 120ML
3300054,"METAMUCIL 174G LIMON/NARANJA(PLANTAGO,PSYLLIUM)"
3300061,FLEET PS PHOSPHO SODA LAXANTE ORAL 45ML FOSFATO DE SODIO
3300066,AS COR SOL GOTAS 24 ML(NORFENEFRINA)
3300067,SENSIBIT XP 120ML SUSPENSIONLORATADINA /AMBROXOL
3300072,HEPA MERZ 5G AMP 10ML (L-ORNITINA/L-ASPARTATO)
3300074,"ALOSOL SPRAY 306,808UI/0.860G/0.250/100ML SOL 20ML"
3300078,EVIPRESS 10MG C/10 TABS.(LERCADINIPINO)
3300082,ISORBID AP 20MG C/40 CAPS.(DINITRATO DE ISOSORBIDA)
3300083,CO DIOVAN 160MG/25MG C/14 GRAGEASVALSARTAN + HIDROCLOROTIAZI
3300084,ZIENT 10MG C/14 TAB(EZETIMIBA)
3300090,BIOYETIN 2000UI AMP C/ 6 MP (ERITROPOYETINA HUMANA RECO)
3300091,AFUNGIL 100MG AMP 50ML (FLUCONAZOL)
3300092,CRESTOR 10MG C/30 TABS.(ROSUVASTATINA)
3300094,VALCYTE 450MG C/60 COMPRIMIDOS VALGANCICLOVIR
3300095,RECOVERON (NC) 5/4G CREMA 40G40GACIDOACEX@MICO/NEOMICINA
3300099,SINGULAIR 5MG C/30 COMP.MAST.
3300100,FOSFOCIL IV 4G AMP (FOSFOMICINA)
3300107,NUCLEO CMP FORTE 5MG/3MG C/30 CAPS.
3300111,PULMONARON ORAL CAJA C/10 AMP 3ML
3300114,BIOMETRIX C/30 CAPS. VITAMINAS CON GINSENG Y GINGKO BILOBA
3300115,INDAFLEX 2.5% CREMA 40G TUBO(INDOMETACINA)
3300118,EUTIROX 125MCG C/50 TABS(LEVOTIROXINA SODICA)
3300126,ATACAND 8MG C/14 TABS.(CANDESARTAN CILEXETILO)
3300129,MONOCORAT 20MG C/20 TABS.(MONONITRATO DE ISOSORBIDA)
3300130,DORSAL 15/200MG C/7 TABS(MELOXICAM/CARISOPRODOL)
3300133,AVODART 0.5MG C/30 COMPRIMIDOS(DUTASTERIDA) GLAXO
3300135,CAFIASPIRINA FORTE C/24 TABS. ACIDO ACETILSALICILICO/CAFEINA
3300136,CEDAX 400MG C/10 TABS. CEFTIBUTEN
3300139,CORPOTASIN LP 1500MG C/30 TABS.-CLORURO DE POTASIO
3300140,ZYPREXA IM 10MG AMP 2ML (OLANZAPINA)
3300141,ARCALION 200MG C/20 COMPRIMIDOS SULBUTIAMINA
3300142,LIPITOR 80MG C/30 TAB(ATORVASTATINA)
3300143,XELODA 500MG C/120 GRAGEAS CAPECITABINA
3300147,TEGRETOL 200MG C/30 CPR(CARBAMAZEPINA)
3300150,ZOLADEX 10.8MG JPREL IMPLANTE AMP C/1 GOSERELINA
3300153,COMBIGAN-D SOL. 0.2%/0.5% 5ML(BRIMONIDINA/TIMOLOL)
3300157,AKATINOL 10MG C/28 TABS(MEMANTINA)
3300159,DOLOCARTIGEN 50MG/15MG C/30 CAPS. (MELOXICAM/DIACEREMNA)
3300160,TAFIROL AC 500/50MG C/15 TAB (PARACETAMOL/DICLOFENACO)
3300161,ARBISTIN 7.5G JBE 150ML ADULTO CARBOCISTEINA
3300165,URO-VAXOM 6MG C/30 CAPS. EXTRACTO BACTERIANO LIOFOLIZADO
3300166,INSPRA IC 25MG C/30 TAB EPLERENONA
3300167,DALACIN V CREMA 40G 2%(CLINDAMICINA)
3300170,DIMEGAN D 0.5/2MG PED SOL C/60ML C/PIPE(LORATADINA/FENILEFRI
3300173,CICLOFERON COLOR PIEL TUBO 2G ACICLOVIR
3300174,PROSGUTT 160/120MG C/40 CAPSSERENOA REPENS/URTICA DIOICA
3300175,CYMBALTA 30MG C/7 CAPSULAS(DULOXETINA)
3300181,EUTIROX 150MCG C/50 TAB(LEVOTIROXINA SODICA)
3300182,ZYPREXA ZYDIS 10MG C/14 TABS (OLANZAPINA)
3300184,VOLTAREN PARCHES C/5 DICLOFENACO
3300186,SERC 16MG C/20 TAB (BETAHISTINA)
3300187,SOYALOID A PRURI LOC FCO 120ML. HARINA DE SOYA/PRAMOXIMA/ZIN
3300188,TRADOL (TRAMADOL) 50MG/ML AMP
3300190,ANGIOTROFIN RETARD 240MG C/10 TABS (DILTIAZEM)
3300195,SIBELIUM 5MG C/60 CAPS FLUNARIZINA
3300205,ATACAND 16MG C/14 TABS(CANDESARTAN CILEXETILO)
3300214,TRITAZIDE 2.5/12.5MG C/16 TABS(RAMIPRIL/HIDROCLOROTIAZIDA)
3300219,SERETIDE EVOHALER 25/250M AER FCODOSISSALMETEROL/FLUTICASONA
3300234,DIMEGAN D 5/20MG C/20 CAPS(LORATADINA/FENILEFRINA)
3300237,HAVRIX AD 1440 1 JER (ANTMGENO DE HEPATITIS A)
3300238,ENGERIX-B ADULTO JER (ANTMGENO DE HEPATITIS B)
3300244,FOSAMAX PLUS 70MG/5600UI COMP (ALENDRONICO/COLECACIFERO)
3300251,"VARTALON COMP 1500/1200MG C/15 SOB(GLUCOSAMINA,CONDROITIN)"
3300255,SERETIDE EVOHALER 25/125MG AER FCODOSISSALMETEROL/FLUTICASON
3300262,SEROQUEL 25MG C/30 TABS QUETIAPINA
3300265,ZOVIRAX 5GR/100 CREMA 10GR TUBO(ACICLOVIR)
3300266,TECTA 40MG C/14 TABS (PANTOPRAZOL)
3300268,NEXUS 5MG C/30 CAPS (AMLODIPINO)
3300271,CEDAX 36MG 60ML SUSP CEFTIBUTEN
3300280,SINERGIX 25/10MG C/4 SUBLINGUAL(TRAMADOL/KETOROLACO)
3300288,BINOTAL (AMPICILINA) 250 MG/ 5 ML SUSP 90 ML
3300289,HISTIACIL NF ADULTO JARABE 150MLDEXTROMETORFANO/AMBROXOL)
3300291,"PEPSANE 3G/4MG OGEL ORAL C/14 SOBRES(DIMETICONA,GUAIAZULENE)"
3300293,PK MERZ 100MG C/30 TABS AMANTADINA
3300295,CLENDIX 300MG C/21 CAPS(CLINDAMICINA)
3300298,VIAGRA 50MG C/1 TAB( SILDENAFIL)
3300300,JANUVIA 100MG C/28 TABS(SITAGLIPTINA)
3300301,VIAGRA 50MG C/4 TABS(SILDENAFIL)
3300315,BREDELIN 500MG AMP 100ML (LEVOFLOXACINO)
3300321,CONTROLIP 160MG C/15 CAPS (FENOFIBRATO)
3300322,JANUMET 50/1000MG C/56 COMP(SITAGLIPTINA/METFORMINA)
3300323,JANUMET 50/500MG C/28 TABS(SITAGLIPTINA/METFORMINA)
3300328,TOPAMAX 50MG C/20 TAB(TOPIRAMATO)
3300329,VOLTAREN 50 50MG C/30 GRAGEAS (DICLOFENACO)
3300336,PROSURE VAINILLA 250ML
3300337,LIPIDIL 200MG C/28 CAP FENOFIBRATO
3300339,PARAMIX 1.2G SUSP 60ML(NITAZOXANIDA)
3300342,NEVANAC 1.0MG GOTAS 5ML
3300348,BREDELIN 500MG C/7 TAB (LEVOFLOXACINO) SENOSIAIN
3300351,ISENTRESS 400MG COMP RECUBIERTOS
3300353,PEPSANE C/30 CAP DIMETICONA/GUAIAZULENE
3300354,FLAGENASE 400MG SUSP PED 120ML(METRONIDAZOL)
3300358,CONCOR 10MG C/30 GRAG(BISOPROLOL)
3300365,SINTROM 4MG C/30 TAB ACENOCUMAROL
3300367,CONCOR 1.25MG C/30 GRAG(BISOPROLOL)
3300371,BREDELIN 750MG C/7 TAB(LEVOFLOXACINO) SENOSIAIN
3300373,VYTORIN 10/40MG C/14 CPR(EZETIMIBA/SIMVASTATINA)
3300377,CEFTREX IM 1GR AMP 10ML (CEFTRIAXONA)
3300378,LIBERTRIM SDP SUSP 30ML FCO(TRIMEBUTINA/SIMETICONA)
3300379,ACTRON PLUS 400/100MG C/10 CAPS (IBUPROFENO+CAFEINA)
3300386,TRANSILAX 35G/42.91G GEL 150G (LACTULOSA/PARAFINA)
3300391,ASOFLON 0.4MG C/30 CAP (TAMSULOSINA)
3300392,LEVEMIR FLEXPEN R AMP 100U/ML C/1 (INSULINA DETEMIR)
3300393,ALMETEC 20MG C/14 TAB(OLMESARTAN)
3300395,EXFORGE 10/320MG C/14 CPR(AMLODIPINO/VALSARTAN)
3300398,PISDENO 6MG FCO AMP 2ML (ADENOSINA)
3300399,HUMALOG KWIKPEN JER PRELL 3ML (INSULINA LISPRO (ORIGEN ADN R
3300400,XARELTO 2.5 MG COMPS. C/56 RIVAROXABAN
3300401,CRESTOR 20MG C/30 TAB(ROSUVASTATINA)
3300402,VESSEL DUE F 250 LRU C/50 (SULODEXIDA)
3300410,ELECTROLIT ADULTO SABORES 625ML
3300418,SERETIDE DISKUS 50MCG/100MCG 60 DOSIS SALMETEROL/FLUTICASONA
3300427,ZOVIRAX 800MG C/35 TABLETAS DISPER.(ACICLOVIR)
3300439,EPIVAL ER 500MG C/30 TABS(VALPROATO SEMISODICO)
3300442,ALEVIAN DUO C/16 CAPS(DIMETICONA/BROMURO DE PINAVERINO)
3300446,KINEX 2MG C/30 TABS(BIPERIDENO)
3300451,XALATAN 50MCG OFT SOL 2.5ML REFRI
3300457,EFFIENT 10MG TAB C/14(PRASUGREL)
3300462,"PRIORIX AMP 0.5ML (VACULA SARAMPION, PAROTIDITIS Y RUBEOLA)"
3300465,"GAVINDO C/30 TAB(GABAPENTINA,TIAMINA,CIANOCOBALAMINA)"
3300468,CLORAMFENI OFTENO 15ML GOTAS(CLORANFENICOL)
3300471,SINEMET 250/25MG TABLETAS CAJA C/ 30.
3300472,TYPHIM VI AMP 0.5ML (VACUNA ANTITIFOIDICA POLISACARIDA)
3300476,ALVESCO 100MG AERODOSIS SOLUCION(CICLESONIDA)
3300478,ZYPREXA ZYDIS 5MG C/14 TAB(OLANZAPINA)
3300479,CARNOTPRIM 12H 15MG C/20 COMP (METOCLOPRAMIDA)
3300480,AVAPRO 300MG C/14 TAB(IRBESARTAN)
3300484,HUMYLUB OFTALMICO 15ML GOTAS(HIALURONATO DE SODIO/SULFATO DE
3300489,MIMPARA 30MG C/30 TAB
3300490,PARAMIX 500MG C/6 GRAG(NITAZOXANIDA)
3300494,NEURALIN AMPOLLETA 1ML (COMPLEJO B/LIDOCAINA)
3300496,PLANTABEN EFERV 5G C/30 SOBRES PLANTAGO OVATA
3300505,RAPIX RD SUBLINGUAL 30MG C/4 (KETOROLACO)
3300507,"CAFIASPIRINA C/40 TABS. ACIDO ACETILSELICLLICO, CAFEINA."
3300515,CILODEX 0.3/0.1G SUSP 5ML GOTAS(CIPROFLOXACINO/DEXAMETASONA)
3300517,ULSEN 40MG FCO AMP IV (OMEPRAZOL)
3300522,ADALAT 10MG C/30 CAP(NIFEDIPINO)
3300524,NIMEPIS 100MG TAB C/10 (NIMESULIDA)
3300525,TREDA 129/280/30MG C/20 TAB
3300528,TRENTAL 400 MG C/30 LP GRAGEAS(PENTOXIFILINA)
3300529,TRENTAL 300MG AMP 15ML (PENTOXIFILINA)
3300531,PLIDAN 10MG C/20 GRAGEASPARGEVERINA/
3300532,TRITACE 2.5MG C/16 TAB (RAMIPRIL)
3300533,TRITACE 5MG C/16 TAB (RAMIPRIL)
3300537,DABEX 850MG C/30 TAB (METFORMINA)
3300540,KEPPRA I.V. FCO AMP 500 MG/5ML (LEVETIRACETAM)
3300541,ADEROGYL 15 C/5 AMP 3ML. ERGOCALCIFEROL
3300544,TROFERIT 300MG JARABE 120ML
3300545,TROFERIT 30MG C/15 TAB DROPROPIZINA
3300546,ADALAT CC 30MG C/10 TA (NIFEDIPINO)
3300556,ADALAT RETARD 20MG C/28 CPR (NIFEDIPINO)
3300557,URSOFALK 250MG C/50 CAPS URSODEOXICOLICO
3300560,VAGITROL V C/10 OVULOS FLUCINOLONA/METRONIDAZOL/NISTATINA
3300562,ADALAT OROS 30MG C/10 TAB (NIFEDIPINO)
3300563,VARITON 500/450/50 MGC/20 GRAGEAS(DIOSMINA/HESPERIDINA)
3300564,"VENALOT DEPOT 180/30MG C/30 TAB TROXERUTINA,CUMARINA)"
3300565,VENTOLIN 100MCG 18G SUS.200 DOSIS AER.(SALBUTAMOL)
3300566,PROCORALAN 5 MG COMP C 56(IVABRADINA)
3300568,VENTOLIN INHAL 5MG 10ML SOL.(SALBUTAMOL)
3300569,CELEBREX 200MG C/20 CAPS(CELECOXIB) PFIRER
3300572,ALMETEC 40MG C/14 TAB (OLMESARTAN)
3300573,OCTOSTIM 15 MICROGRAMOS AMP 1ML (DESMOPRESINA)
3300574,PLENDIL 5MG C/10 TAB(FELODIPINO)
3300576,COLMESDANT 150MG/2ML FCO AMPULA (COLISTIMETATO)
3300579,VOLTAREN RETARD 100MG C/10 GRAG (DICLOFENACO)
3300581,VOLTAREN 75MG AMP 3ML (DICLOFENACO)
3300586,REGULACT JBE 120ML(LACTULOSA )
3300587,VYTORIN 10/80 10MG/80MG 14 TAB(EZETIMIBA/SIMVASTATINA)
3300588,FLEET ENEMA AD LAB FOSF-SODIO 133ML SOL (FOSFATO DE SODIO)
3300591,PISACAINA SPRAY 10% X DISPARO (LIDOCAMNA)
3300592,ROGASTRIL 1MG COMP C/25(CINITAPRIDA)
3300597,ZOVIRAX 200MG C/25 TABLETAS DISPER.(ACICLOVIR)
3300599,ZOVIRAX 400MG C/35 TABLETAS DISPER.(ACICLOVIR)
3300601,ZYLOPRIM 100MG C/60 TAB(ALOPURINOL)
3300602,ZYPLO 60MG/100ML JBE 120ML(LEVODROPROPIZINA)
3300604,AVAPENA 20MG/2ML AMPOLLETA (CLOROPIRAMINA)
3300607,BACTROBAN UNGUENTO 15G 2% (MUPIROCINA)
3300615,JANUMET 50/850MG COMP C/28(SITAGLIPTINA/METFORMINA)
3300618,TRIACEL AMP 0.5ML (VACUNA ACELULAR ANTIPERTUSIS)
3300620,LACTEOL FORT 170MG C/16 CAPSULAS(LACTOBACILOS ACIDOFILOS)
3300622,ATRO OFT 1% C.M.C. GOTAS 15ML(ATROPINA)
3300627,NEPRO HP 236 ML VAINILLA
3300629,ACC 200MG C/20 TAB EFERV (ACETILCISTEINA)
3300633,TRACEFUSIN 20ML AMP (OLIGOMETALES ENDOVENOSO)
3300634,ATARAX 25MG C/25 TAB(HIDROXIZINA)
3300637,DIOVAN 80MG C/14 CPR(VALSARTAN)
3300638,DIOVAN 160MG C/30 CPR(VALSARTAN)
3300639,ATROVENT (11.22 G)AEROSOL 10ML (BROMURO DE IPRATROPIO)
3300640,TOPRON 400MG C/10 TABS(NIFUROXAZIDA)
3300644,INHIBITRON 20MG C/28 CAPS(OMEPRAZOL )
3300645,SOYALOID POLVO 90G SOBREHARINA DE SOYA
3300651,VENTOLIN 5MG 1ML/ AMP (SALBUTAMOL)
3300655,ALMAX 1G/7.5ML SUSP 225ML (ALMAGATO)
3300658,SYNALAR SIMPLE 0.01% 40G CREMA
3300662,VANCOCIN CP 500MG AMP (VANCOMICINA)
3300663,VANCOCIN CP 1G AMP (VANCOMICINA)
3300665,REVATHIO 20MG TABLETAS C/90 (SILDENAFIL)
3300666,TRADOL 50MG C/10 CAPS (TRAMADOL)
3300668,TRADOL 100MG 2ML AMP (TRAMADOL)
3300672,TYLEX FLU 500MG C/20 TAB(PARACETAMOL/FENILEFRINA/CLOFENAMINA
3300680,CEFURACET (CEFUROXIMA) 250 MG SUSP 50 ML
3300687,PLENDIL 5MG C/30 TAB
3300688,AMOBAY CL 875/125 C/14 TAB(AMOXICILINA/ACIDO CLAVULANICO)
3300690,ZESTRIL 5MG C/28 TAB(LISINOPRIL)
3300694,SEVERIN NF 100MG C/10 TAB(NIMESULIDA )
3300695,METICEL OFT 10ML 0.5%(HIPROMELOSA)
3300696,VOLTAREN EMULGEL 50G TUBO (DICLOFENACO)
3300697,HAVRIX AMP 0.5ML PED. (VACUNA ANTIHEPATITIS A)
3300699,BACTRIM AD 400/80MG C/30 CPR SULFAMETOXAZOL Y TRIMETOPRIMA
3300700,SERC 24 MG C/ 30 TAB.
3300701,RINELON 0.050G SPRAY NASAL 18ML(MOMETASONA)
3300703,MICCIL 1MG C/20 CPR (BUMETANIDA)
3300704,IMIGRAN 50MG C/2 TAB SUMATRIPTAN
3300705,DIPROSPAN HYPACK AMP 1ML JGADESCH(BETAMETASONA) SCHERIN P.
3300706,DIPROSPAN 5/2MG AMP 2ML DIPROSPAN
3300711,FRAXIPARINE 0.4 ML AMP CAJA C/2 (ANTI XA DE NADROPARINA CALC
3300712,COZAAR 50MG C/30 TAB(LOSARTAN)
3300716,MICOSTATIN GOTAS 60ML INF(NISTATINA)
3300717,RAPIX 10MG C/10 CAP(KETOROLACO)
3300719,TALIZER 100MG C/50 TAB
3300720,FIRAC PLUS 125/10MG C/20 GRAGEAS(CLONIXINATO LISINA/PARGEVER
3300721,VENOFERRUM 100MG AMP 5ML (SACARATO FERRICO)
3300727,BACTRIM 40/200MG SUSP 120ML(SULFAMETOXAZOL Y TRIMETOPRIMA)
3300733,NEURONTIN 300MG C/15 CAPS(GABAPENTINA)
3300740,PEGASYS 180MCG/0.05ML AMP (PEGINTERFERSN A-2A)
3300747,KLARICID I.V. 500MG AMP (CLARITROMICINA)
3300753,ZESTRIL 20MG C/14 TAB(LISINOPRIL)
3300755,INSULINA SHORANT 1 CART C/3 ML DISP. DESECHA (INS. GLUSINA)
3300756,HUMALOG MIX 25 VIAL 10ML (INSULINA LISPRO/LISPRO PROTAMINA)
3300761,GABIROL 100MG C/14 CAPS(RIMANTADINA)
3300763,HYZAAR 50/12.5MG C/15 TAB(LOSARTAN/HIDROCLOROTIAZIDA)
3300765,TEBONIN 761 40MG C/24 CPR(GINKGO BILOBA)
3300766,AFUNGIL 150MG C/1 TAB(FLUCONAZOL)
3300767,TETANOGAMA 250UI AMP
3300773,GRIMAL GOTAS 2MG 10ML(HIALURONATO/OXIMETAZOLINA)
3300781,RENACENZ 10ML 215.2MG CAJA C/5 AMP (CEREBROLYSIN)
3300784,BENTYL 10MG C/30 CAP DICICLOVERINA
3300786,TOPAMAX 100MG C/20(TOPIRAMATO)
3300792,DILATREND 25MG C/14 TAB(CARVEDILOL)
3300798,SPIRIVA 18MCG C/10 CAPS Y DISP DISPARADORBROMURO DE TIOTROPI
3300799,XUZAL 5MG C/20 TAB LEVOCETIRIZINA
3300804,FLUMIL 2/75/75MG GOTAS 25 ML(AMINOFENAZONA BUFENINA)
3300810,ALIN 0.50MG C/30 TAB (DEXAMETASONA)
3300811,ANARA 20ML GTS(PICOSULFATO SODICO)
3300812,MALIVAL COMP 215/25MG C/32 CAPS INDOMETACINA/METOCARBAMOL
3300814,AKABAR 200MG C/16 TAB(NIFUROXAZIDA) CARNOT
3300815,ANGIOTROFIN AP 90MG C/20 TAB (DILTIAZEM)
3300816,AZITROCIN 500MG C/3 TAB (AZITROMICINA)
3300818,AUGMENTIN 12H 875/125MG C/10 TAB(AMOXICILINA/ACIDO
3300819,AUGMENTIN JR 12H 400MG SUSP 60ML(AMOXICILINA/ACIDO
3300820,AMOBAY 500MG C/15 CAPS (AMOXICILINA)
3300822,NEBIDO 1000 MG 4ML AMP IM
3300823,BUSCAPINA 10MG C/36 GRAGEAS (BUTILHIOCINA)
3300824,DURATER 40MG C/10 CPR (FOMOTIDINA)
3300828,EUTIROX 25MCG C/50 TAB(LEVOTIROXINA SODICA)
3300836,COLCHIQUIM 1MG C/20 TAB(COLCHICINA)
3300837,KANK A 0.3 SOL 9.7ML(BENZOCAINA)
3300839,CLORAMFENI UNGUENTO 5G(CLORANFENICOL)
3300841,CEFTREX 500 IM F A (CEFTRIAXONA)
3300843,CATAFLAM 180MG SUSP 120ML PEDIAT(DICLOFENACO)
3300846,PEPTOBISMOL C/24 CPR
3300849,BLOPRESS PLUS 16/12.5MG C/14 TAB CANDESARTAN CILEXETILO/HIDR
3300850,YUREDOL 10MG/250MG C/30 CAPS CICLOBENZAPRINA
3300857,FIRAC 250MG C/10 TAB (CLONIXINATO DE LISINA)
3300859,IMOT OFT 0.5% 15ML(TIMOLOL)
3300862,SELOKEN ZOK 95MG C/20 GRAGEAS (METOPROLOL )
3300863,LACTEOL FORTE 340MG PVO C/6 SOB(LACTOBACILOS ACIDOFILOS)
3300866,HI DEX AMPOLLETA 1ML (COMPLEJO DE HIERRO DEXTRAN HIDROGENAD)
3300869,MESTINON 60MG C/20 CPR(PIRIDOSTIGMINA)
3300870,MICOSTATIN SUSP 30 DOSIS(NISTATINA)
3300871,BIOMICS 400MG C/6 CAP(CEFIXIMA )
3300872,ATEMPERATOR 200MG C/40 CPR(VALPROATO DE MAGNESIO)
3300873,LUCRIN DEPOT 11.25MG C/1 AMP (ACETATO DE LEUPROLIDE)
3300875,DIFLUCAN 100MG C/10 CAP(FLUCONAZOL)
3300876,BEZALIP RETARD (BEZAFIBRATO) 400 MG TAB C/10
3300882,NIMBEX 10MG AMP 5ML (BESILATO DE CISATRACURIO)
3300884,MINIRIN SPRAY 2.5ML(DESMOPRESINA)
3300885,INHIBITRON 20MG C/14 CAPS(OMEPRAZOL )
3300892,TENORMIN 50MG C/28 TAB (ATENOLOL )
3300893,TENORETIC 50MG C/28 TAB(ATENOLOL/CLORTALIDONA)
3300897,MICARDIS PLUS 80/25MG C/14 TAB (TELMISARTAN/HIDROCLORITIAZI
3300898,TOBRADEX GOTAS 5ML(TOBRAMICINA/DEXAMETASONA)
3300900,TOBREX 0.3% SOL. GTAS 5ML(TOBRAMICINA)
3300904,ATARAX 10MG C/30 GRAG(HIDROXIZINA)
3300906,HUMALOG 100UI C/2 CART (INSULINA LISPRO (ORIGEN ADN RECOMBIN
3300907,PYLOPAC CARTERAS C/7 CAPS.
3300909,PANOTO-S JBE 100ML
3300913,DILAR 20MG 2ML AMPULA PARAMETASONA
3300914,MICROLAX 450/45MG C/1 ENEMA
3300915,ACETA DIAZOL 250MG C/30 TAB(ACETAZOLAMIDA)
3300917,ATEMPERATOR 500MG C/20 TAB(VALPROATO DE MAGNESIO)
3300919,DILACORAN 80MG C/30 GRAG(VERAPAMILO)
3300920,VYTORIN 10/20 10MG/20MG 14 TAB(EZETIMIBA/SIMVASTATINA)
3300924,AMIKIN 500MG AMP 2ML (AMIKACINA)
3300932,ATACAND 32MG TAB C/14 CANDESARTAN CILEXETILO
3300935,LAMISIL 15G CREMA(TERBINAFINA)
3300937,PANTOZOL 40MG C/7 GRAGEAS(PANTOPRAZOL)
3300939,ORECIL NF SOL.10ML C/GOTERO
3300942,COZAAR 50MG C/15 GRAGEAS(LOSARTAN) MERCK
3300946,DORIXINA RELAX 125/5MG C/20 CPR(LISINA/CICLOBENZAPRINA)
3300947,KRIADEX 2.5MG/1ML GOTAS 10ML CLONAZEPAM
3300948,JANUVIA 50MG C/28 CPR(SITAGLIPTINA)
3300950,ESKAPAR 4.4G SUSP 90ML(NIFUROXAZIDA)
3300951,CLARITYNE D 5/30MG C/10 TAB (LORATADINA/FENILEFRINA)
3300952,PULMOCARE 236 ML VAINILLA
3300955,KLARICID OD 500MG C/7 TAB CLARITROMICINA
3300956,KLARICID OD 500MG C/10 TAB(CLARITOMICINA)
3300957,KLARICID HP 500MG C/10 TAB(CLARITROMICINA)
3300958,"ESMISEN C/30 TAB (KETOROLACO ,TIAMINA,PIRIDOXINA )"
3300962,MICARDIS PLUS 80/12.5MG C/14 TAB
3300964,SOSTENON 250 AMP 1ML
3300965,SYMBICORT 160/4.5MCG 60 DOSIS(BUDESONINA/FORMOTEROL)
3300969,FLANAX 550MG C/12 TAB(NAPROXENO)
3300972,AGRASTAT 12.5MG/250ML AMPOLLETA (TIROFIBAN)
3300974,CELESTAMINE NS 5/0.25MG C/10 TAB(LORATADINA/BETAMETASONA
3300975,TREXEN DUO 100/400MG C/7 OVULOS CLINDAMICINA/KETOCONAZOL
3300977,DEPAKENE I.V. 500MG AMP 5ML (ACIDO VALPROICO)
3300978,SOYALOID PACK 20G C/10 SOBRES HARINA DE SOYA
3300979,MOBICOX 15 MG TAB C/30 (MELOXICAM)
3300983,BRISTAFLAM CREMA 60G ACECLOFENACO
3300986,BIPASMIN COMPUESTO 20MG/2.5G AMP (BUTILHIOSCINA/METAMIZOL)
3300987,KEFLEX 1G C/12 TAB(CEFALEXINA)
3300994,TRAMACET 37.5/325MG C/20 TAB(PARACETAMOL /TRAMADOL)
3300995,DIMEGAN 100MG JBE 60ML(LORATADINA)
3301002,DICYNONE 250MG AMP 2ML (ETAMSILATO)
3301003,HIDRASEC 30MG C/18 SOBRES(RACECADOTRILO)
3301004,KEPPRA 500MG C/30 TAB(LEVETIRACETAM)
3301005,DIPROSPAN 5/2MG AMP 5ML(BETAMETASONA)
3301007,RANTUDIL 60MG C/28 CAPSACEMETACINA
3301013,TYLEX 750MG C/20 TAB PARACETAMOL
3301014,ENALADIL 20MG C/10 TAB(ENALAPRIL)
3301016,ALIN 0.75MG C/30 TAB (DEXAMETASONA)
3301018,DEPOMEDROL 40MG/ML AMP 2ML(METILPREDNISOLONA)
3301020,AFRIN ADULTO SPRAY 20ML (OXIMETAZOLINA ) SCHERIN
3301021,AFRIN LUB ADULTO SPRAY 20ML (OXIMETAZOLINA)
3301022,AFRIN INFANTIL SPRAY 20ML (OXIMETAZOLINA)
3301023,RECOVERON (C) 5G CREMA 40G ACIDO ACEX@MICO
3301029,BISOLVON SOLUCION ADULTO 120ML(BROMHEXINA)
3301033,RAPIVIR 500MG C/10 TAB
3301034,RANISEN (RANITIDINA) 1.5G/100ML JARABE 200ML
3301037,BISOLVON INFANTIL 120ML SOL(BROMHEXINA)
3301040,DAFLON 500MG C/20 TABLETAS(DIOSMINA/HESPERIDINA)
3301041,DAFLON 750MG C/18 GRAGEAS(DIOSMINA/HESPERIDINA) SANFER
3301044,AGGLAD OFTENO (BRIMONIDINA) 2MG/ML GOTAS 5ML
3301046,AMARYL M (GLIMEPIRIDA/METFORMINA) 4MG/1000MG TAB C/16
3301047,GI GARAMICINA 20MG AMP 2ML (GENTAMICINA)
3301048,DAXON 500MG C/6 TAB(NITAZOXANIDA)
3301049,NEO MELUBRINA 2.5G AMP 5ML (METAMIZOL SODICO)
3301050,NEO MELUBRINA 1G AMP 2ML (METAMIZOL SODICO)
3301051,ARAVA 20MG C/30 CAPS (LEFLUNOMIDA)
3301053,FIRAC 125GM C/10 TAB(CLONIXINATO DE LISINA)
3301055,ULCODERMA UNGUENTO 15G (CLORANFENICOL/COLAGEASA)
3301060,XATRAL OD 10MG C/14 TAB(ALFUZOSINA)
3301061,ATACAND PLUS 16MG/12.5MG C/14TAB. CANDESARTAN/HIDROCLOROTIAZ
3301064,ATHOS 30MG C/20 CAPS(DEXTROMETORFANO)
3301068,BRIDION 100MG/2ML FCO AMP I.V. (SUGAMMADEX)
3301070,VYTORIN 10/10MG C/14 TABS.(EZETIMIBA/SIMVASTATINA)
3301071,"CALTRATE 600+D C/30 TAB CALCIUM / VITAMIN D,"
3301073,BONADOXINA 25MG C/25 TAB (MECLIZINA/PIRIDOXINA)
3301074,RISPERDAL 100MG GOTAS 60ML(RISPERIDONA)
3301076,BLADURIL 200MG C/20 TAB
3301083,DENVAR 100 MILIGRAMOS SUSP 100ML (CEFIXIMA )
3301093,DETRUSITOL 2MG C/14 TAB(TOLTERIDONA)
3301094,SINUBERASE ORAL 5ML C/10 AMP
3301096,ENTEROGERMINA (ORAL)AMP 5ML (ESPORAS DE BACILLUS CLAUSII )
3301097,AFUMIX 37.5/500MG C/4 TAB(FLUCONAZOL/TINIDAZOL)
3301109,MOTRIN 600MG C/45 GRAGEAS(IBUPROFENO)
3301114,HIDRASEC 100MG C/9 CAPS(RACECADOTRILO)
3301116,SPIRIVA 18MCG C/20 CAPBROMURO DE TIOTROPIO
3301118,CICLOFERON 2G CREMA(ACICLOVIR)
3301119,BIOYETIN 4000 UI JER. PRELL O FCO.AMP. (ERITROPOYETINA HUMA)
3301120,ANARA 5MG C/20 TAB(PICOSULFATO SODICO)
3301130,STALEVO 50/12.5/200 MG C/30 TAB LEVODOPA/CARBIDOPA/ENTACAPON
3301131,ADVANTAN CREMA 15 GR (METILPREDNISOLONA)
3301135,CONCERTA 54MG TAB C/30(METILFENIDATO ) CONTROLADO
3301139,NEUROFLAX 20MG/4MG X AMP(COBAMAMIDA/TIOCOLCHICOSIDO)
3301140,NEUROFLAX 20/4MG C/3 AMP (COBAMAMIDA/TIOCOLCHICOSIDO)
3301147,ROCALTROL 0.25MCG C/30 CAPS(CALCITRIOL)
3301148,TRADOL 100MG GOTAS 10ML TRAMADOL
3301151,FACICAM GEL TUBO 40GR (PIROXICAM)
3301154,ALIN 8MG AMP 2ML (DEXAMETASONA)
3301155,ALIN DEPOT 8MG 2ML AMP (DEXAMETASONA)
3301157,ESTECLIN 300MG C/20 CAP(ERDOSTEINA)
3301168,VONTROL 25MG C/25 TAB (DIFENIDOL)
3301169,ZENTEL 200MG C/10 TAB(ALBENDAZOL)
3301171,GARAMICINA 160MG AMP 2ML (GENTAMICINA)
3301172,GARAMICINA 80MG AMP 2ML (GENTAMICINA)
3301178,ALDOMET 250MG C/50 TAB(METILDOPA)
3301181,ALTRULINE 50MG C/14 CAPS(SERTRALINA)
3301184,VASCULFLOW 250/225/25MG TAB C/30(DIOSMINA/HESPERIDINA/DOBESI
3301185,ZINNAT 500MG C/10 TAB(CEFUROXIMA)
3301186,VONTROL 40MG AMP 2ML (DIFENIDOL)
3301189,POSIPEN 500MG C/12 CAP(DICLOXACILINA)
3301191,RINELON 0.05% SPRAY SUSP PED 10G(MOMETASONA)
3301192,GALVUS MET 50MG/850MG C/60 CPR METFORMINA/VILDAGLIPTINA
3301198,EMLA 1GR C/2 PARCHES 25MG/25MG (LIDOCAINA/PRILOCAINA)
3301199,SUFREXAL GEL 2% CREMA 78GKETANSERIN
3301202,FARMEBAN 500/100MG C/30 CAPS(DIMETICONA/DIYODOHIDROXIQUINOL
3301203,SIRDALUD 2MG CAJA C/20 TAB(TIZANIDINA)
3301205,BUSCAPINA AMP SIMP. 20MG 1ML(BUTILHIOSCINA)
3301207,COMBESTERAL AMP I.M. C/3(COMPLEJO B/DEXAMETASONA/LIDOCAINA)
3301213,ZINTREPID 10MG/40MG C28 TAB.(EZETIMIBA/SIMVASTATINA)
3301214,BUSCAPINA COMPOSITUM (HIOSCINA/METAMIZOL) 20 MG/2.5 G/5 ML A
3301215,BUSCAPINA COMP 10/250MG C/20 GRAG (BUTILHIOSCINA/METASODICO)
3301222,METICORTEN 5MG C/30 TAB(PREDNISONA)
3301223,"CELESTAMINE NS PED JBE 60ML(LORATADINA, BETAMETASONA)"
3301225,BINODIAN DEPOT (PRASTERONA/ESTRADIOL) 200 MG/ 4 MG/ML JER PRELL
3301231,MIRCERA 250MCG /0.3 CAJA C/1 AMP (METOXI POLIETILEN GLICOL-E
3301234,ALGITRIN 325/200MG C/24 TAB (PARACETAMOL/IBUPROFENO)
3301235,ANGIOTROFIN 30MG C/30 TAB (DILTIAZEM)
3301237,MACRODANTINA 100MG C/40 CAPS(NITROFURANTOINA)
3301238,DULCOLAX 5MG C/30 TAB (BISACODILO)
3301239,SYNALAR NEOMICINA 0.01% 40G CREMA
3301240,DOMEBORO 36.4/51.6G C/12 SOBRES(CALCIO/ALUMINIO)
3301248,VITAMINA E ETERNAL 100MG C/30 CAPS(VITAMINA E)
3301249,VITAMINA E ETERNAL 400MG C/99 CAPS(VITAMINA E)
3301251,RIFOCYNA SPRAY SOL. 20MLRIFAMICINA
3301252,PULMOZYME 2.5MG/2.5ML AMP C/6
3301253,AFUNGIL 100MG C/10 CAPS(FLUCONAZOL)
3301256,LIBERTRIM SII 200/75 MG COMP C 24(TRIMEBUTINA/SIMETICONA)
3301257,CLORAN OFTENO GOTAS 15ML (CLORANFENICOL)
3301259,VANTAL BUCOFARINGEO 30ML(BENCIDAMINA)
3301264,ULSEN 20MG C/14 CAPS(OMEPRAZOL)
3301268,TABALON 400MG C/10 TAB IBUPROFENO
3301280,DABEX XR 750 MG C/30(METFORMINA)
3301282,SENSIBIT 10MG C/10 TAB(LORATADINA)
3301284,ATEMPERATOR 400MG C/20 GRAG(VALPROATO DE MAGNESIO)
3301285,"BEDOYECTA TRI CAJA C/5 AMPOLLETAS HIDROXOCOBALAMINA, VITAMIN"
3301286,CRONOLEVEL 5/2MG AMP 2ML(BETAMETASONA)
3301290,BRAXAN 200MG C/20 CPR(AMIODARONA)
3301295,CANESTEN 1% 30GR CREMA(CLOTRIMAZOL)
3301297,NOVOMIX 30 FLEX PEN 100U/ML (INSULINA ASPARTICA)
3301298,CANESTEN V 20G CREMA VAGINAL(CLOTRIMAZOL)
3301299,RIBOTRIPSIN C/25 GRAG (TRIPSINA/QUIMO/TRIPSINA)
3301300,FLAGYL 250MG C/30 CPR(METRONIDAZOL)
3301304,CAPOTENA 25MG C/30 TAB(CAPTOPRIL)
3301307,PANKREOFLAT 80/170MG C/60 TAB (DIMETICONA/PANCREATINA)
3301311,"RECORMON 5,000UI AMP C/1 (ERITROPOYETINA HUMANA)"
3301314,"MAXITROL 5ML GOTAS SUSP(NEOMICINA,POLIMIXINA B,DEXAMETAXONA"
3301315,MIACALCIC 100UI CAJA C/5 AMP (CALCITONINA)
3301316,CALCORT 6MG C/20
3301317,LANTUS SOLOSTAR PLUMA 100UI 3 ML C/1 (INSULINA GLARGINA)
3301319,MOTIVAL BLIST C/60 GRAG CONTROLADO
3301322,CARZILASA 25ML AMP (COCARBOXILASA)
3301327,AMOBAY CL 12H (AMOXICILINA/AC CLAVULANICO) 400MG/57MG/50ML SUSP 70ML
3301329,DABEX 500 C/60 TAB(METFORMINA)
3301331,PROGRAF 1MG C/50 CAPS (TACROLIMUS)
3301332,SERETIDE DISKUS 50MCG/500MCG 60 DOSIS SALMETEROL/FLUTICASONA
3301333,DURATER 20MG C/20 CPR (FAMOTIDINA)
3301334,CLARITYNE JBE 100 MG 60ML(LORATADINA)
3301339,ARGENTAFIL CREMA 1% 160 G(SULFADIAZINA DE PLATA)
3301341,ARLUY (MEBEVERINA) 200 MG CAP C/30
3301346,CATAFLAM DD 50MG C/12 GRAGEAS(DICLOFENACO)
3301347,VESSEL DUE F 60 MG IV/IM CAJA CON 10 AMP (SULODEXIDA)
3301349,TIAMINAL B12 50000U FCO AMP 10 ML C/5JERINGAS(COMPLEJO B
3301353,ASPIRINA 500MG C/40 TAB ACIDO ACETILSALICILICO
3301354,ASPIRINA PROTECT 100MG C/28 CPR(ACIDO ACETILSALICILICO)BAYER
3301355,TIAMIDEXAL 2ML/I.M. X AMP (DEXAMETASONA/TIAMINA/CIANOCOBAL.)
3301357,VIBRAMICINA 100MG C/10 CAPS(DOXICICLINA)
3301358,MOTRIN RETARD 800MG C/30 GRAGEAS(IBUPROFENO)
3301363,NOVOVARTALON SOB C/30
3301364,EPAMIN SP 250MG AMP 5ML (FENITOINA)
3301367,PRESTOFLAM LD 250/50 MG C/14CLONIXINATO DE LISINA/DICLOFENAC
3301368,ZACTOS 15MG C/7 TAB PIOGLITAZONA
3301372,SENOKOT F 17.2MG C/30 TABS(SENOSIDOS A-B)
3301375,EXFORGE HCT 5/160/12.5 C/28 CPR(AMLODIPINO/VALSARTAN/HIDROCL
3301376,CONTUMAX POLVO 17G C/15 SOBRES(POLIETILENGLICOL)
3301378,SUFREXAL COMBI C/10 OVULOS VAGI/ANSERINA/METRONIDAZOL/
3301381,PEPTOBISMOL SUSP 118ML ORIGINAL/CEREZA SUBSALICILATO DE BIS
3301382,GALVUS 50MG C/28 TAB.(VILDAGLIPTINA)
3301386,PROFENID I.V. 100MG 2ML AMP (KETOPROFENO)
3301388,NULYTELY 110.1G POLVO SOBRE X PZA
3301389,ZACTOS 30MG C/7 TAB PIOGLITAZONA
3301392,PANTOZOL 40MG C/14 GRAG(PANTOPRAZOL)
3301393,ZYLOPRIM 300MG C/60 TAB(ALOPURINOL)
3301397,HUMULIN N NPH 10ML (INSULINA HUMANA RECOMBINANTE ISSFANA )
3301398,HUMULIN R 10ML 100UI/ML AMP (INSULINA HUMANA RECOMBINANTE)
3301406,NIMOTOP 10MG AMP 50ML (NIMODIPINO)
3301409,CELESTONE 3MG SOLUSPAN JERINGA 1ML.(BETAMETASONA)
3301411,ASPIRINA JUNIOR 100MG C/60 TAB ACIDO ACETILSALICILICO
3301412,CELESTONE HYPAK AMPOLLETA(BETAMETASONA) 8MG/2ML
3301421,"FEBRAX 100MG C/5 SUPOSITORIOS(NAPROXENO ,PARACETAMOL)"
3301425,TEOLONG 200MG C/20 CAPS(TEOFILINA/THEOPHYLLINE)
3301430,QLAIRA 28 COMP. ORAL
3301432,ALMETEC CO 20/12.5MG C/28 TAB ALMESARTAN/HIDROCLOROTIAZIDA)
3301433,REGIVAS 400MG C/20 TAB RECUBIERTASDRONEDARONA
3301437,UNAMOL 5MG C/30 CPR(CISAPRIDA)
3301438,UNAMOL 10MG C/30 CPR(CISAPRIDA)
3301442,GLUCOPHAGE 500MG C/60 TAB(METFORMINA)
3301448,LIBERTRIM 200MG C/24 CPR(TRIMEBUTINA)
3301450,CLORURO DE SODIO CAPSULAS.
3301452,CARDISPAN 1GR AMP 5ML (LEVOCARNITINA)
3301455,SINUBERASE C/48 CPR
3301456,EXFORGE 10/160MG C/28 COMP (AMLODIPINO/VALSARTAN)
3301460,ZYRTEC 10MG C/10 TAB(CETIRIZINA)
3301463,ITALDERMOL 15/1G CREMA 30G TUBO(TRITICUM VULGARE)
3301464,ITALDERMOL 4G C/10 GASAS(TRITICUM VULGARE)
3301470,"BEDOYECTA TRIC/1 AMPOLLETA HIDROXOCOBALAMINA, VITAMINAS B1"
3301472,PROZAC 20MG C/14 CAPS(FLUOXETINA)
3301473,FLORATIL 200MG C/6 CAPS(SACCHAROMYCES BOULARDII)
3301480,LIBERTRIM 100MG C/20 CPR TRIMEBUTINA
3301490,SUPRADOL GEL 30GR KETOROLACO
3301492,AKINETON 2MG C/30 TAB (BIPERIDENO)
3301493,EXFORGE 10/160 C/14 CPR(AMLODIPINO/VALSARTAN)
3301496,TOBRADEX 3.5GR UNGUENTO(TOBRAMICINA/DEXAMETASONA)
3301497,LOGIMAX 5/47.5MG C/14 TAB (FELODIPINO/METOPROLOL)
3301498,BICARTIAL 5 MG/100 MG C/14 CAPS(AMLODIPINO/LOSARTAN)
3301506,SIFROL 0.5MG TAB C/30 PRAMIPEXOL
3301508,VIVITAR 100MG C/30 (ESPIRONOLACTONA)
3301511,"MADOPAR 100MG/25MG 125MG C/30 CAP(LEVODOPA,BENDERAZIDA)"
3301518,CONCOR 5MG C/30 GRAG(BISOPROLOL) MERCK
3301523,AVELOX 400MG C/7 TAB (MOXIFLOXACINO)
3301525,PROCORALAN 7.5MG C/56 COMP (IVABRADINA)
3301526,CLARITYNE 10MG C/10 TAB LORATADINA
3301533,RELENZA 5MG 5X4 C/DISPOSITIVO INHALADOR ZANAMIVIR
3301534,FLONORM 100MG SUSP. 60ML(RIFAXIMINA)
3301535,LECHE DE MAGNESIA NORMEX 180ML(LECHE DE MAGNESIA)
3301536,BIOTREFON L C/12 SOBRES
3301540,DOLAC 30MG SUBLINGUAL C/2 TAB KETOROLACO
3301542,REZPLEN 500/45MG C/10 TABCLARITROMICINA/AMBROXOL
3301545,CLORAMFENI OTICO SOL 10ML GOTAS(CLORANFENICOL)
3301547,VITERNUM JARABE 140ML DIHEXAZINA)
3301549,CIPROFLOX 500MG C/6 CAP (CIPROFLOXACINO)
3301550,CLOROTRIMETON REP 4MG C/20 TAB(CLORFENAMINA)
3301552,INMUNEF 30MUI 0.5ML(FILGRASTIM)
3301553,CLOROTRIMETON REP 8MG C/20 TAB(CLORFENAMINA)
3301556,CLOROTRIMETON 10MG AMP (CLORFENAMINA)
3301558,DAFLOXEN F 275/300MG C/16 TAB(NAPROXENO/PARACETAMOL)
3301560,NIDO KINDER 1+ BOTE 800MG (LECHE EN POLVO)
3301561,CITOX 20MG C/28 TAB (CITALOPRAM)
3301564,TAFIROL 1GR C/20 TAB
3301566,SUPRADOL 60MG AMP 2ML (KETOROLACO)
3301569,VIRLIX 10MG C/10 TAB(CETIRIZINA)
3301570,ULSEN PCS 40MG C/14 TAB (OMEPRAZOL)
3301571,RISPERDAL 2MG C/20 TAB(RISPERIDONA)
3301572,RANTUDIL RETARD 90MG C/14 CAPSACEMETACINA
3301573,AVIANT 5MG C/30 TAB(DESLORATADINA)
3301577,MONUROL 3GR SOBRES CAJA C/1 FOSFOMICINA
3301578,STADIUM 25MG C/10 TABS DEXKETOPROFENO TROMETAMOL
3301580,CARNOTPRIM 10MG C/20 CPR METOCLOPRAMIDA
3301582,TOPAMAX 25MG C/20 TAB(TOPIRAMATO)
3301585,CORDARONE 150MG AMP 3ML (AMIODARONA)
3301586,CORDARONE 200MG C/20 TAB(AMIODARONA )
3301588,AVAPRO 150MG C/14 TAB(IRBESARTAN)
3301594,CORPOTASIN CL C/50 TAB AMSTRONG
3301595,SEROQUEL 100MG C/30 TAB (QUETIAPINA)
3301597,INHIBITRON 40MG AMP 10ML (OMEPRAZOL)
3301599,COAPROVEL 150MG/12.5MG C/14 TAB(IRBESARTAN/HIDROCLOROTIAZIDA
3301600,ALIN GOTAS NASAL 20ML(DEXAMETASONA/FENILEFRINA/NEOMICINA)
3301601,CYTOTEC 200MCG C/28 TAB (MISOPROSTOL)
3301602,DACTIL OB 100MG C/30 GRAGEAS(PIPERIDOLATO)
3301603,COAPROVEL 300/12.5MG C/14 TAB(IRBESARTAN/HIDROCLOROTIAZIDA)
3301604,DALACIN C 300 C/16 CAPS(CLINDAMICINA)
3301606,DANZEN 10MG C/20 TAB(SERRATIOPEPTIDASA) HORMONA
3301607,CO DIOVAN 80MG/12.5MG C/14 GRAGEASVALSARTANHIDROCLOROTIAZIDA
3301608,CO DIOVAN 160MG/12.5MG C/14 GRAGEASVALSARTANHIDROCLOROTIAZID
3301609,ALDACTONE 100MG C/30 TAB (ESPIRONOLACTONA )
3301617,PANTOZOL P20 20MG C/28 GRAG (PANTOPRAZOL)
3301623,ACTRON 200 200MG C/10 CAPS (IBUPROFENO)
3301625,ALDACTONE A 25MG C/30 TAB (ESPIRONOLACTONA)
3301626,UROMES 400MG AMP C/5 (MESNA)
3301627,DORIXINA 250MG C/10 TAB(CLONIXINATO DE LISINA)
3301628,VARILRIX 0.5 ML 1JERIGA PRELLENADA (ANTIVARICELA)
3301632,DIMODAN 100MG C/20 CAP (DISOPIRAMIDA)
3301637,ZOVIRAX 5G CREMA(ACICLOVIR)
3301640,CARBOTURAL (CARBON ACTIVADO) 250 MG TAB C/60
3301641,BI PROFENID 150MG C/10 TAB KETOPROFENO
3301642,X-PREP 75ML JBE(SENOSIDOS A-B)
3301643,MENSIFEM C/30 TAB CIMICIFUGA RECEMOSA
3301648,ISOX 3-D 100MG C/6 CAPS(ITRACONAZOL)
3301652,AEROFLUX 120ML SOLUCION (SALBUTAMOL/AMBROXOL)
3301654,"KRYTAN TEK OFTENO GOTAS 5ML(DORZOLAMINA,TIMODOL,BRIMONIDINA)"
3301656,SALOFALK SUSP.ENEMA 60ML
3301658,DEXABION AMP PRELLENADA 1ML(COMPLEJO B/LIDOCAINA)
3301662,TAFIROL FLEX 300/250MG C/30 TAB(PARACETAMOL/CLORZOXAZONA)
3301665,KYTRIL 3MG AMP 3ML (GRANISETRON)
3301667,PREDNEFRIN 1% SF 5ML PREDNISOLONA
3301674,TRADOL RETARD 50MG C/10 TAB (TRAMADOL)
3301676,DALACIN T GEL 30GR CLINDAMICINA AL 1%
3301677,ANTIGRAM C/10 SOBRESACETIL SALICILICO/METOCLOPRAMIDA
3301683,ZYPREXA 10MG C/7 (OLANZAPINA)
3301690,LIPITOR 20MG C/15 TAB(ATORVASTATINA)
3301696,ZOMIG 2.5MG C/2 TAB(ZOLMITRIPTANO)
3301699,AMARYL 2MG C/15 TAB(GLIMEPIRIDA)
3301700,AMARYL 4MG C/15 TAB(GLIMEPIRIDA)
3301705,DILACORAN RETARD 120MG C/30 TAB VERAPAMILO
3301709,IMURAN 50MG C/25 TAB AZATIOPRINA
3301713,AMOXICLAV BID 875MG/125MG C/14 TAB(AMOXICILINA/ACIDO
3301714,DOLAC 10MG C/10 TAB (KETOROLACO) SIEGFRIED RHEIN
3301715,DILARMINE 1MG/2MG C/25 TAB PARAMETASONA/CLORFERAMINA
3301718,CIPRO XR 1G C/3 TAB CIPROFLOXACINO
3301719,FORTEO COLTER 250MCG/2.4ML PLUMA TERIPARATIDA
3301720,ZOMIG RAPIMELT 2.5MG C/2 TAB(ZOLMITRIPTANO)
3301721,EUTIROX 75MCG C/50 TAB(LEVOTIROXINA SODICA)
3301727,ALLEGRA D 60/25MG C/10 TAB(FEXOFENADINA/FENILEFRINA)
3301736,TRAZIL OFTENO 15ML SOL GTS(TOBRAMICINA)
3301740,ACTRON 400 400MG C/10 CAP (IBUPROFENO) LAB. BAYER DE MEXICO
3301747,LYRICA 75MG C/14 TAB (PREGABALINA)
3301748,ZESTRIL 10MG C/14 TAB(LISINOPRIL)
3301750,AVAMYS 2A 120 DOSIS SPRAY 50ML(FLUTICASONA)
3301752,DORIXINA 100MG AMP 2ML CLONIXINATO DE LISINA
3301757,FOLIVITAL 0.4MG C/90 TABS(ACIDO FOLICO)
3301758,TARGOCID 400MG AMP (TEICOPLANINA)
3301759,LOMOTIL 2MG C/8 TAB (LOPERAMIDA )
3301762,XARELTO 10MG C/10 CAP(RIVAROXABAN)
3301768,ATEMPERATOR LP (VALPROATO DE MAGNESIO) 600 MG TAB LP C/20
3301771,SOMAZINA 1G AMP 4ML (CITICOLINA)
3301776,MINITRAN 18.0 MG (5 MG)PARHE POR PIEZA
3301777,DOLO NEUROBION FORTE AMP PRELLENADA 3 ML(COMPLEJO B/LIDOCAIN
3301778,FLIXOTIDE 2MG AMP 2ML (FLUTICASONA)
3301780,ACLASTA 5MG/100ML AMP (ACIDO ZOLEDRSNICO)
3301783,PRADAXAR 75MG C/30 CAPDABIGATR@N ETEXILATO
3301784,PULMICORT 0.250MG 2ML AMP (BUDESONIDA)
3301788,DOLO NEUROBION FORTE C/30 GRAGEAS COMPLEJO B/DICLOFENACO
3301789,DOLO NEUROBION 50MG C/30 GRAGEAS(COMPLEJO B/DICLOFENACO)
3301790,DOLO NEUROBION AMP C/3 (COMPLEJO B/DICLOFENACO)
3301791,AMOXICLAV (AMOXICILINA/AC CLAVULANICO) 500MG/125MG TAB C/15
3301794,DORIXINA 125MG C/10 TAB(CLONIXINATO DE LISINA)
3301806,MOTRIN INF 120ML SUSP FSA(IBUPROFENO)
3301808,ADALAT CC 30MG C/30 COMP.(NIFEDIPINO
3301812,ZESTORETIC 20MG/12.5 (LISINOPRIL/HIDROCLOROTIAZIDA) C/14 TAB
3301813,ELOMET 100MG UNGUENTO 30G(MOMETASONA)
3301814,CLARITYNE PED 100 MG 30ML GTS(LORATADINA)
3301821,TAVOR 5MG C/30 TAB OXIBUTININA
3301824,EPIVAL 500MG C/30 CPR (VALPROATO SEMISODICO)
3301828,ESPAVEN GTS PED 30ML(DIMETICONA)
3301834,FUCIDIN 2% CREMA 15G TUBO(ACIDO FUSIDICO)
3301836,LYSOMUCIL 600 MG C/20 TAB EFERV(ACETILCISTEINA)
3301843,TECTA 20MG C/14 TAB(PANTOPRAZOL)
3301846,EUGLUCON 5MG C/50 TAB(GLIBENCLAMIDA)
3301849,PRADAXAR 110MG C/30 CAP
3301851,EUTIROX 100MCG C/50 TAB(LEVOTIROXINA SODICA)
3301856,EUTIROX 50MCG C/50 TAB(LEVOTIROXINA SODICA)
3301857,CILOXAN 0.300G SOLUCION 5ML(CIPROFLOXACINO)
3301861,AZOPT (BRINZOLAMIDA) 10 MG /ML GOTAS 5 ML
3301866,GARDASIL 0.5ML JGA PRELLENADA VACUNA CONTRA VIRUS DEL PAPILO
3301871,GALVUS MET 50MG/500MG C /30(VILDAGLIPTINA/METFORMINA)
3301872,ARIXTRA 2.5MG/0.5ML JGA PRELL CAJA C/2 AMP FONDAPARINUX SSDI
3301873,SERETIDE DISKUS 50UG/250U INHALADORDOSISSALMETEROL/FLUTICASO
3301879,FEBRAX 275MG/300MG C/15 TAB (NAPROXENO /PARACETAMOL )
3301881,"FEBRAX 2.5/2G SUSPENSION 100ML(NAPROXENO,PARACETAMOL)"
3301883,SPASMOPRIV 200MG C/12 CAPS FENOVERINA
3301886,UNIVAL 1GR C/40 TAB(SUCRALFATO)
3301887,"ALMETEC CO 40/12.5MG C/14 TAB-OLMESARTAN,HIDROCLOROTIAZIDA"
3301889,EPAMIN 100MG C/50 CAPS(FENITOINA)
3301893,TRAZIDEX OFT 5ML SOL GTS(TOBRAMICINA/DEXAMETASONA)
3301894,AVALIDE 300/25MG C/14 TAB(IRBESARTAN/HIDROCLOROTIAZIDA)
3301895,FERRANINA I.M. 100MG AMP 2ML (HIERRO POLIMALTOSADO)
3301896,NOVOVARTALON C/15 SOBRES
3301898,STALEVO 100/25/200MG C/30 TABLEVODOPA/CARBIDOPA/ENTACAPONA
3301899,FLUMIL 40/1.5/1.5MG C/20 CAPS(AMINOFENAZONA BUFENINA)
3301900,GLYPRESSIN 1MG AMP (ACETATO DE TERLIPRESINA)
3301901,FLAGENASE 400MG C/30 CAP(METRONIDAZOL)
3301905,PREVENAR 13 JERIN. PRELL CAJA C/1
3301906,FLAGYL 500MG C/30 CPR(METRONIDAZOL)
3301907,BUSCAPINA FEM 20/400MG C/10 TAB BUTILHIOSCINA/IBUPROFENO
3301908,COUMADIN 5MG C/30 TAB-WARFARINA SSDICA
3301913,FLAGYL 250MG SUSP 120ML(METRONIDAZOL)
3301922,DOSTEIN 300MG C/20 (ERDOSTEINA)
3301924,PLAVIX 75MG C/14 GRAGEAS(CLOPIDOGREL)
3301925,ADIMOD (PIDOTIMOD) 400MG/7ML FCO C/10
3301929,FLANAX 275MG C/20 TAB(NAPROXENO)
3301930,ZANIDIP 10MG C/10 TABS(LERCANIDIPINO)
3301938,FLONORM 200MG C/12 GRAG(RIFAXIMINA)
3301939,DEPO PROVERA 150MG JGA PRELL MEDROXIPROGESTERONA
3301940,FLORATIL 200MG C/6 SOBRES PED (SACCHAROMYCES BOULARDII)
3301941,"ESPAVEN ENZIMATICO C/50 GRAG((DIMETICONA,PANCREATINA)"
3301945,PEMIX 1MG/5ML SOL 120MLCINITAPRIDA
3301955,HIDRASEC 10MG C/18 SOBRES(RACECADOTRILO)
3301959,CIPROFLOX 400MG AMP 200ML (CIPROFLOXACINO)
3301960,RAPIX 30MG 2ML AMP (KETOROLACO)
3301961,LIBERTRIM 100MG C/50 CPR(TRIMEBUTINA)
3301962,PHARMATON C/30 CAPS
3301963,SAMYR 500MG AMP 5ML (ADEMETIONINA)
3301964,SAMYR 500MG C/10 TAB (ADEMETIONINA)
3301967,SUFREXAL P GEL 78G TUBO
3301969,RANISEN PED (RANITIDINA) 4G/100ML GOTAS 30ML
3301979,MIFLONIDE 200MCG C/60 CAP(BUDESONINA)
3301980,TRAYENTA 5MG C/30 LINAGLIPTINA
3301981,PRADAXAR 150MG C/30 TABDABIGATRAN
3301982,DETRUSITOL SR 4MG C/14 TAB(TOLTERIDONA)
3301984,ACTRON 600 600MG C/10 TAB (IBUPROFENO) BAYER
3301991,DUSPATALIN C/14 TABS MEBEVERINA
3301993,TEMERIT 5MG C/14 TAB NEBIVOLOL
3301996,FOSFOCIL IV 1G AMP (FOSFOMICINA)
3301999,TUMS 500MG C/75 TAB CARBONATO DE CALCIO
3302000,CELEBREX 200MG C/10 CAPS(CELECOXIB) PFIRER
3302001,FRAXIPARINE 0.3ML AMPOLLETA C/2 (ANTI XA DE NADROPARINA CALC
3302002,FRAXIPARINE 0.6ML JERINGA PRELLENADA C/2 (ANTI XA DE NADROP
3302004,CANESTEN 200MG C/3 OVULOS(CLOTRIMAZOL)
3302006,COSOPT 20MG/5MG SOL 5ML (DORZOLAMIDA/TIMOLOL)
3302010,ALIN OFT 90/3.50MG GOTAS 5ML(DEXAMETASONA/NEOMICINA)
3302011,LOBIVON 5MG COM C/14(NEBIVOLOL)
3302013,NEXIUM MUPS 20MG C/14 TABS
3302015,ADALAT OROS 30MG C/30 TAB (NIFEDIPINO)
3302017,MODIODAL 200MG C/14 TAB(MODAFINILO)
3302021,ZOVIRAX 30MG UNG 4.5G(ACICLOVIR)
3302022,LOSEC A 20 20MG C/14 CAP(OMEPRAZOL )
3302026,DILATREND 6.25MG C/14 TAB(CARVEDILOL) ROCHE FARMA
3302027,DANZEN 5MG C/30 GRAG(SERRATIOPEPTIDASA)
3302034,CORPOTASIN GK 4.68G C/10 SOBRES-GLUCONATO DE POTASIO
3302035,CONCOR 2.50MG C/30 GRAG(BISOPROLOL)
3302038,SINGULAIR 10MG 30 COMP RECUB MONTELUKAST
3302042,BLOPRESS 16MG C/14 TAB CANDESARTRAN
3302044,CIRUELAX COMP C/24 TAB CASSIA ANGUSTIFOLIA
3302045,ARCOXIA 90MG C/14 TAB (ETORICOXIB)
3302046,NORFENON 150MG C/30 TAB(PROPAFENONA)
3302049,HISTIACIL NF INFANTIL JARABE 150ML DEXTROMETORFANO/AMBROXOL
3302060,FLUOXAC 20MG C/10 TAB((FLUOXETINA)
3302072,SUPRADOL 10MG C/10 TAB(KETOROLACO)
3302073,SUPRADOL SUBLINGUAL 30MG C/4 TAB(KETOROLACO)
3302076,EXFORGE HCT 10/320/25MG C/28 CPR(AMLODIPINO/VALSARTAN/HIDROC
3302078,"NAPHACEL OFTENO 15ML GTS(NAFAZOLINA,HIPROMELOSA)"
3302085,ARCOXIA 120MG C/7 TAB (ETORICOXIB)
3302091,LODESTAR 50 MG TAB C/30 (LOSARTAN)
3302093,ATROVENT 250MCG 20ML SOL (BROMURO DE IPRATROPIO)
3302096,"GANFORTI GOTAS 3ML. BIMATOPROST, TIMOLOL"
3302097,LODESTAR ZID 50/12.5MG TAB C/30 (LOSARTAN+HIDROCLOROTIAZIDA)
3302098,NODESCRON 4MG AMPOLLETA (VECURONIO) PISA
3302101,GRANEODIN BENZ C/24 PAST.(BENZOCAINA)
3302102,CEFAXONA I.M. 1G AMP (CEFTRIAXONA)
3302105,ICADEN V C/1 OVULO(ISOCONAZOL)
3302110,ZALDIAR EFERVECENTES C/10 TAB(PARACETAMOL/TRAMADOL)
3302118,HALDOL 2MG 15ML GOTAS(HALOPERIDOL)
3302120,HALDOL 5MG C/20 TAB(HALOPERIDOL)
3302121,CRONOLEVEL HYPAK 1ML(BETAMETASONA)
3302130,LANTUS SOLOSTAR 100UI R AMP CAJC/5X3ML (INSULINA GLARGINA)
3302131,HEMOSIN K 5ML AMP. (CARBAZOCROMO/MENADIONA VIT K3)
3302135,LEVAMIN NORMO 8.5% 500ML (AMINOACIDOS) PISA
3302137,HEPARINA 5000 10ML AMPOLLETA (INHEPAR)
3302138,ELEQUINE 500MG C/7 TAB.(LEVOFLOXACINO)
3302139,HEPARINA 1000UI 10ML AMPOLLETA (INHEPAR)
3302141,SHORANT SOL INY 10ML (INSULINA GLULISINA)
3302142,HUMALOG MIX 25 3.0ML C/2 CAR. (LISPRO/LISPRO PROTAMINA)
3302145,HUMALOG LISPRO 100UI 10ML AMP INSULINA LISPRO (ORIGEN ADN RE
3302146,CREON 150MG C/20 CAPS-(PANCREATINA)
3302147,HIGROTON 50MG C/30 CPR(CLORTALIDONA)
3302151,AVALIDE 150/12.5MG C/14 TAB(IRBESARTAN/HIDROCLOROTIAZIDA)
3302152,PASTA DE LASSAR 30G TARRO
3302157,MICARDIS 80MG C/14 TAB(TELMISARTAN)
3302158,AGIOLAX (PLANTAGO/SENNA) 5G SOBRES C/20
3302170,ADEL 500MG C/10 TAB (CLARITOMICINA)
3302174,VESICARE 5MG C/10 TAB SOLIFENACINA
3302175,DOLO TANDAX 275/300MG C/12 GRAG (NAPROXENO/PARACETAMOL )
3302181,ELEQUINE 750MG C/5 TAB(LEVOFLOXACINO)
3302184,NORVAS 5MG C/10 TAB (AMLODIPINO )
3302185,ATEMPERATOR LP (VALPROATO GE MAGNESIO) 300 MG TAB LP C/20
3302186,CREON 150MG C/50 CAPS PANCREATINA
3302187,REDOXON PLUS C/10 TABS EFERVECENTES
3302189,ACANOL 2MG C/12 TAB (LOPERAMIDA) SANOFI
3302204,ICADEN 10MR CREMA 20G TUBO(ISOCONAZOL)
3302206,MOBICOX 15MG C/10 TAB(MELOXICAM)
3302207,BLEFAMIDE SF 10ML GOTAS OFT
3302208,OMURO 40MG C/30 TAB(BROMURO DE OTILONIO)
3302209,MOTRIN SUSPENSION PED 15ML(IBUPROFENO)
3302211,"VARTALON COMP 1500/1200MG C/30 SOB(GLUCOSAMINA,CONDROITIN)"
3302215,BRISTAFLAM 100MG C/40 CPR ACECLOFENACO
3302216,"BEDOYECTA CAJA C/30 TABLETAS HIDROXOCOBALAMINA, VITAMINAS B1"
3302217,TRADOL RETARD 100MG C/10 TAB TRAMADOL
3302218,ISORBID AP 40MG C/40 CAP(DINITRATO DE ISOSORBIDA)
3302224,AMOXIBRON 500MG C/12 CAPS (AMOXICILINA/BROMHEXINA)
3302228,ILIADIN INF SOLUCION GOTAS 20ML (OXIMETAZOLINA )
3302242,ILOSONE 250MG 120ML SUSPENCION(ERITROMICINA)
3302243,TARGOCID 200MG AMP (TEICOPLANINA)
3302245,LANTUS 100UI 10ML INY C/1 (INSULINA GLARGINA)
3302247,ILOSONE 125MG 120ML SUSPENCION(ERITROMICINA)
3302251,LACTEOL CRON C/28 CAP LACTOBACILOS
3302252,MICARDIS 40MG C/14 TAB(TELMISARTAN)
3302255,SEPTRIN F 800/160 MG C/14SULFAMETOXAZOL/TRIMETOPRIMA
3302256,AZULFIDINA 500MG C/60 TAB(SULFASALAZINA)
3302257,CELLCEPT 500MG C/50 COMP MICOFENOLATO DE MOFETILO
3302261,SUCRATO 500MG C/20 CAPS SUBCITRATO DE BISMUTO
3302265,IMODIUM 2MG C/12 GRAGEAS (LOPERAMIDA )
3302270,AMOEBRIZ (MEBENDAZOL/QUINFAMIDA) 300MG/150MG TAB C/2
3302272,CAUDALINE 100MG C/30 TAB(CILOSTAZOL)
3302275,AMAL 4MG/2ML AMP IV (ONDANSETRSN)
3302276,ARCOXIA 60MG C/7 TAB (ETORICOXIB)
3302277,INDERALICI 10MG C/50 TAB(PROPRANOLOL)
3302278,NEURONTIN 600MG C/15 CAPS(GABAPENTINA)
3302280,INDERALICI 40MG C/30 TAB(PROPRANOLOL)
3302289,CIPROFLOX 500MG C/12 CAP SENOSIAN (CIPROFLOXACINO)
3302297,MYFUNGAR NITRATO DE OXICONAZOL 1G CREMA 20G
3302298,CRONOCAPS 3MG C/30 CAP MELATONINA
3302300,IGAMAD AMP INMUNOGLOBULINA HUMANA
3302304,SOMAZINA 500MG C/20 TAB(CITICOLINA)
3302307,FIRAC PLUS 100MG AMP (CLONIXINATO LISINA/PARGEVER)
3302308,AMOXIL 500MG C/12 CAP (AMOXICILINA)
3302312,ONICIT PONV 0.075MG/1.5ML AMP (PALONOSETRSN)
3302316,CUBICINE 350MG AMP IV (DAPTOMICINA)
3302319,NEXIUM MUPS 40MG C/14 TABS
3302328,CO PLAVIX 75/100 MG C/28 TAB-CLOPIDOGREL/ACIDO ACETILSALICIL
3302332,EBIXA 10MG C/14 TAB(MEMANTINA)
3302334,DOSIER 2.5MG. C/30 CPR (MOSAPRIDA)
3302337,CALTRATE 600+D C/60 TABCARBONATO DE CALCIO/VITAMITA D3
3302343,CENTRUM SILVER (VITAMINAS Y MINERALES) TAB C/30
3302347,AMOXIL 12H 875MG C/10 TABS (AMOXICILINA)
3302348,ISORBID SUBLINGUAL 5MG C/40 TAB(DINITRATO DE ISOSORBIDA)
3302350,ZALDIAR 37.5/325 MG C/10 TAB(PARACETAMOL/TRAMADOL)
3302352,ISORBID 10MG C/40 TAB(DINITRATO DE ISOSORBIDA)
3302353,SUPRA 4MG C/30 TAB LIDAMIDINA
3302354,ANGIOTROFIN RETARD 180MG C/10 TAB (DILTIAZEM)
3302355,DIMEGAN 10MG C/10 CAPS(LORATADINA) SENOSIAIN
3302357,FOSFOCIL IM 1G AMP (FOSFOMICINA)
3302361,UNAMOL PED 1MG/ML SUSP 60ML C/PIP(CISAPRIDA)
3302369,SINERGIX 10MG/25MG C/10 CAP (TRAMADOL/KETOROLACO)
3302371,CIPROLISINA SOLUCION 220ML(CIPROHEPTADINA/CIANOCOBALAMINA)
3302372,DIANE 2/0.35MG C/21 GRAG(CITROPERONA/ETINILESTRADIOL)
3302375,KALIOLITE 500MG C/50 GRAGEAS(CLORURO DE POTASIO)
3302376,CEFAXONA IV 1G 10ML (CEFTRIAXONA)
3302377,ACTRON 600MG C/30 CAP (IBUPROFENO)
3302379,SOPHIXIN DX SOL 5ML OFTCIPROFLOXACINO/DEXAMETASONA
3302381,NEUROBION C/60 TABLETAS
3302382,VITACILINA UNG 28G(RETINOL NEOMICINA)
3302384,"KAOMYCIN SUSPENCION 180 ML(NEOMICINA,CAOLIN-PECTINA)"
3302385,ALLEGRA 120MG C/10 CPR(FEXOFENADINA)
3302391,ANTIFLUDES C/24 CAP (PS)(AMANTADINA/CLORFENAMINAPARACETAMOL)
3302392,AMOXIL PED 250MG 75ML SUSP (AMOXICILINA)
3302397,DAGLA 50MG C/30 TAB(ITOPRIDA) TAKEDA
3302402,KEFLEX 500MG C/12 TAB(CEFALEXINA )
3302409,DOSTEIN 175MG SUSP PVO(ERDOSTEINA)
3302418,CLODASET METOCLOPRAMIDA/ONDANSETRON 10/4MG AMP
3302420,KIDDI PHARMATON JARABE 200ML MULTIVITAMINICO
3302422,LACTULAX 66.66G JARABE 125ML C/DOSI (LACTULOSA)
3302427,NPLATE 250 MCG FCO AMP C/1 (ROMIPLOSTIM)
3302430,LANOXIN 0.25MG C/60 TAB(DIGOXINA)
3302432,LANOXIN AMP 2ML (DIGOXINA)
3302433,ALITRAQ SOBRE C/U (COMPLEMENTO ALIMENTICIO)
3302434,ATOKEN 50MG TAB C/28 ATENOLOL
3302439,LASILACTON 50/20MG C/16 CAPS(FUROSEMIDA/ESPIRONOLACTONA)
3302440,SEVERIN NF SUSP 60ML(NIMESULIDA )
3302441,LASIX 40MG C/24 TAB(FUROSEMIDA)
3302442,PEMIX 1MG C/25 CPR
3302444,ELATEC 500MG C/30 GRAG(DIOSMINA/HESPERIDINA)
3302447,ELANTAN 20MG C/30 TAB (MONONITRATO DE ISOSORBIDA)
3302449,COVERSYL 4MG C/14 TABLETAS(PERINDOPRIL)
3302451,CLORAN 5MG UNGUENTO 5G(CLORANFENICOL)
3302452,LASIX 20MG 2ML AMP (FUROSEMIDA)
3302453,BRONCHO VAXON 3.5 MG C/10 SOBRES LIOFILIZADOS BACTERIANOS
3302456,LINCOCIN 600MG 2ML AMP LINCOMICINA C/6 AMP.
3302466,ANARA 125ML JARABE(PICOSULFATO SODICO)
3302468,ALGITRIN 325MG/200MG C/12 TAB (PARACETAMOL/IBUPROFENO)
3302472,LOPID 600MG C/14 TAB(GEMFIBROZILO)
3302473,LOPRESOR 100MG C/20 GRAGEAS (METOPROLOL )
3302480,MACRODANTINA 50MG C/40 CAPS(NITROFURANTOINA)
3302482,VARIVAX III AMP VACUNA CONTRA LA VARICELA
3302485,DISLEP 25MG C/20 CPR LEVOSULPIRIDA
3302489,EXFORGE 5/160MG C/14 TAB.(AMLODIPINO/VALSARTAN)
3302492,XOLAIR 150MG/2ML AMP. OMALIZUMAB
3302497,TYLENOL 500MG CAPLEST C/20 CAPS(PARACETAMOL)
3302501,KEPPRA 1G C/30 TAB(LEVETIRACETAM)
3302513,NEXIUM 10MG C/28 SOBRES (ESOMEPRAZOL)
3302515,LIPITOR 40MG C/15 TAB(ATORVASTATINA)
3302516,MALIVAL AP 50MG C/28 CAPS(INDOMETACINA)
3302519,ANDANTOL 0.75G JALEA 25GR. (ISOTIPENDILO)
3302525,MATERNA TABLETAS C/30 VITAMINAS Y MINERALES
3302533,DIMEGAN D 5/20MG C/10 CAPS(LORATADINA/FENILEFRINA)
3302535,"MAXITROL UNGUENTO 3.5G(NEOMIXINA,POLIMIXINA B,DEXAMETASONA)"
3302536,PROZAC 20MG C/28 CAP (FLUOXETINA)
3302537,LEXAPRO 10MG C/14 TAB(ESCITALOPRAM)
3302538,MACROZIT 500MG AMP C/1 (AZITROMICINA)
3302539,ZALDIAR 37.5/325 MG C/20 TAB(PARACETAMOL/TRAMADOL)
3302541,STADIUM 50MG AMP 2ML (DEXKETOPROFENO TROMETAMOL)
3302543,SUPRADOL F 10MG/50MG C/10 TAB (KETOROLACO/CAFEINA)
3302545,NYTOL 50MG C/8 CAP
3302550,UMECORTIL 500MG AMP (GANCICLOVIR)
3302552,CIPRO XR 1G C/7 TAB(CIPROFLOXACINO)
3302556,SALOFALK 250MG C/60 TABMESALAZINA
3302563,"MELOX PLUS 360ML SUSP CEREZA(DIMETICONA,ALUMINIO,MAGNESIO)"
3302564,"MELOX PLUS 360ML SUSP MENTA DIMETICONA,ALUMINIO,MAGNESIO"
3302568,MINITRAN 18MG C/10 PARCHES
3302570,MESULID 100MG C/10 TAB(NIMESULIDA)
3302575,STAMARIL VACUNA FIEBRE AMARILLA AMP
3302579,METICORTEN 50MG C/20 TAB(PREDNISONA)
3302580,METICORTEN 20MG C/30 TAB(PREDNISONA)
3302584,CELESTONE PEDIATRICO (BETAMETASONA) 0.5 MG/ML GOTAS 60 ML
3302590,CYMBALTA 60MG C/28 CAPS(DULOXETINA)
3302602,ESOMEPRAZOL 2.5MG SOBRES
3302606,EFEXOR XR 75MG C/20 CAP. VENLAFAXINE
3302615,MICCIL 0.5MG AMP 2ML (BUMETANIDA)
3302622,MINIPRES 1MG C/30 CAPS (PRAZOSINA)
3302626,VANTAL BUCOFAR SOL. 360ML (GRANDE )(BENCIDAMINA)
3302627,MINIPRES 2MG C/30 CAPS(PRAZOSINA)
3302637,MOTILIUM 10MG C/30 TAB(DOMPERIDONA)
3302638,DIPROSONE 0.05% CREMA 15G BETAMETASONA
3302639,MOTRIN 400MG C/45 GRAGEAS(IBUPROFENO)
3302641,ANGIOTROFIN AP 120MG C/20 TAB (DILTIAZEM)
3302644,ZN-FUSIN 1MG/1ML 10ML FCO AMP ZINC
3302646,MUCOSOLVAN 300MG 120ML SOLUCION(AMBROXOL)
3302648,"MUCOSOLVAN COMP 150/1MG SOL 120ML(AMBROXOL, CLENBUTEROL)"
3302650,ANGIOTROFIN 60MG C/30 TAB (DILTIAZEM)
3302651,MUCOSOLVAN 30MG C/20 TAB(AMBROXOL)
3302653,MUCOSOLVAN 15MG AMP 2ML (AMBROXOL)
3302657,NORVAS 10 MG C/20 TAB
3302659,COZAAR 100MG C/30 GRAGEAS(LOSARTAN)
3302660,NAXODOL 250MG CAJA C/30 CAP(CARISOPRODO)
3302662,NASALUB ADU SOL HUMEC 30ML NASAL(CLORURO DE SODIO)
3302663,ENALADIL 10MG C/10 TAB(ENALAPRIL)
3302665,ITALDERMOL (G)/0.1/100G TBO 30G(TRITICUM VULGARE/GENTAMICIN
3302666,NEO MELUBRINA 250MG/5ML 100ML JBE INF (METAMIZOL SODICO)
3302669,COMBIVENT 0.5/2.5MG AMPOLLETA 2.5ML (IPRATROPIO/ SALBUTAMOL)
3302670,NEO MELUBRINA 500MG C/10 TABLETAS (METAMIZOL SODICO)
3302672,IMDUR 60MG C/20 TAB(MONONITRATO DE ISOSORBIDA)
3302686,NORFLEX PLUS FRASCO 35/450 C/50 TAB
3302700,DIFLUCAN 100MG IV 50ML AMP (FLUCONAZOL)
3302701,ONBRIZE BREEZHALER 300 MCG C/30 CAP (INDACATEROL)
3302702,OSSOPAN 200MG C/36 GRAGEAS COMPLEJO OSEINLCO MINERAL
3302703,ACELER CO 2% CREMA 15G(ACIDO FUSIDICO/BETAMETASONA)
3302707,MVI 12 PEDIATRICO AMPOLLETA MULTIVITAMINICO
3302709,ELIDEL 1% 15GR CREMA(PIMECROLIMUS)
3302710,APROVEL 300MG C/14 TAB(IRBESARTAN)
3302711,APROVEL 150MG C/14 TAB(IRBESARTAN)
3302716,ESPACIL COMP 125/10MG C/20 CAPS(LISINA/BUTLHIOSCINA)
3302719,PASTA DE LASSAR TUBO 60GR
3302720,PAXIL 20MG C/10 TAB (PAROXETINA)
3302722,PEDIALYTE 30 500ML SABORES
3302725,SECOTEX OCAS 0.4MG C/20 TAB(TAMSULOSINA)
3302726,SALOFALK 250MG C/10 SUPOSITORIOSMESALAZINA
3302727,ADALAT OROS 60MG C/10 TAB(NIFEDIPINO)
3302729,PENPROCILINA 800000U AMP (BENCILPENICILINA PROCAMNA/BENCILP
3302731,EXEL 7.5MG C/20 CAPS(MELOXICAM)
3302732,EXEL 15MG C/10 CAPS(MELOXICAM)
3302734,CARBON ACTIVADO 50GR (BOLSA)
3302737,SALOFALK 500MG C/40 GRAG MESALAZINA
3302741,SPIRIVA RESPIMAT 0.226MG 4ML(BROMURO DE TIOTROPIO)
3302744,PULMOVAX 0.5 ML (VACUNA NEUMOCOCICA)
3302751,PIRIFUR 500MG C/24 COMPS(FENAZOPIRIDINA/ACIDO NALIDIXICO)
3302752,PIRIMIR 100MG C/24 TABS(FENAZOPIRIDINA)
3302756,PONTI OFTENO 10 ML. GOTASTETRACALNA
3302764,ALLEGRA 180MG C/10 CPR(FEXOFENADINA)
3302766,ZYPREXA 5MG C/14 TAB(OLANZAPINA)
3302767,ROFUCAL 25MG C/30 TAB(HIDROCLOROTIAZIDA)
3302768,BAPEX 300MG C/15 (GABAPENTINA)
3302773,BRILINTA 90MG C/30 TAB(TICAGRELOR)
3302775,PROCTOACID POMADA 50G APLICADOR(POLICRESULENO/CINCOCAI
3302776,PRODOLINA 500MG C/10 TABS (METAMIZOL SRDICO)
3302778,PRODOLINA 2G AMP 4ML (METAMIZOL SODICO)
3302780,CEFTREX IV 1G AMP (CEFTRIAXONA)
3302781,SIRDALUD MR 6MG C/10 CAPS TIZANIDINA
3302782,PROFENID 100MG C/20 CAPS (KETOPROFENO)
3302785,PROFENID I.M. 100MG AMP 2ML (KETOPROFENO)
3302787,PROTAMINA 250MG / 25 ML.
3302791,DICYNONE 500MG C/20 TAB(ETAMSILATO)
3302799,TRAVATAN GOTAS 2.5ML OFT TRAVOPROST
3302802,RANISEN 300MG C/10 TAB RANITIDINA
3302803,RANISEN (RANITIDINA) 150MG TAB C/20
3302805,RANISEN 50MG AMP 2ML (RANITIDINA)
3302806,RECOVERON 5G UNGUENTO 40G
3302808,RECOVERON ( N) 5/4G UNGUENTO 40GACIDOACEX@MICO/NEOMICINA
3302809,REDOXON EFERVECENTE 1GR C/10@CIDO ASCRRBICO
3302810,REDOXON FORTE FERVECENTES 2G C/1010@CIDO ASCRRBICO
3302811,EXEL 15MG AMP 1.5ML (MELOXICAM)
3302820,RIFADIN 300MG CAJA C/16 CAPSULASGRAGEASRIFAMPICINA
3302821,VALDECASAS 5MG C/20 TAB (ACIDO FOLICO)
3302822,"DOLAREN 50/200MG C/30 GRAG CAPAENTERICA DICLOFENACO, CARISOP"
3302827,ROCEPHIN I.M. 1GM AMP (CEFTRIAXONA)
3302830,ROCEPHIN I.V. 500MG AMP (CEFTRIAXONA)
3302831,TRILEPTAL 300MG C/20 TAB(OXCARBAZEPINA)
3302837,QUADRIDERM NF CREMA 40G(BETAMETASONA/CLOTRIMAZOL/GENTAMICINA
3302838,SABRO 1G SUSP 120MLALOGLUTAMOL
3302847,MICARDIS PLUS 80/12.5MG C/28 TAB(TELMISARTAN/HIDROCLOROTIAZ)
3302849,SELOPRES ZOK C/20 GRAG METOPROLOL/HIDROCLOROTIAZIDA
3302853,SENOSIAN ADULTO C/10 SUPOS(GLICEROL)
3302858,BIOMICS (CEFIXIMA) 100 MG/5 ML SUSP 100 ML
3302864,SERMION 10MG C/20 GRAGEAS NICERGOLINA
3302869,LAXOYA 8.6 / 50 MG 60 TAB(SENOSIDOS DOCUSATO DE SODIO)
3302870,DIOXAFLEX 180MG C/5 PARCHES DICLOFENACO
3302872,SIES 200MG C/20 TAB HIDROSMINA
3302874,CERVARIX AMP 0.5ML (PROTEMNA L1 DEL VIRUS DEL PAPILOMA)
3302876,SOLDRIN OTICO GOTAS 10ML HIDROCORTISONA/CLORAMFENICOL/BENZOC
3302877,SOLDRIN OFTALMICO 10ML GOTAS DEXAMETASONA/NEOMICINA
3302880,"KERAL 25MG C/10 TAB(DEXKETOPROFENO,TROMETAMOL)"
3302881,COMPECTACT 15/850 MG TAB CAJ C/28
3302886,#ILIADIN ADULTO 50MG GOTAS 20ML(OXIMETAZOLINA )
3302887,STUGERON FORTE 75MG C/60 TABLETASCINNARIZINE
3302896,SYNALAR OTICO SOL 15ML
3302897,CO DIOVAN 320MG/12.5 MG GRA CAJ C/30
3302901,TEBONIN FORTE 80 MG C/24 GRAGEAS(GINKGO BILOBA)
3302902,DIMEGAN D 60ML JARABE(LORATADINA/FENILEFRINA)
3302906,TAZOCIN E.F 4/0.5MG AMP (PIPERACILINA/TAZOBACTAM)
3302907,INSPRA IC 50MG C/10 TAB EPLERENONA
3302909,TEMPRA INF 3.2G 120ML JARABE PARACETAMOL
3302910,TEMPRA 500MG C/20 TAB ADULTO( PARACETAMOL)
3302911,TEMPRA FORTE 650MG C/24 (PARACETAMOL)
3302915,TEMPRA PED 100MG GOTAS 30MLPARACETAMOL
3302917,TENORMIN 100MG C/28 TAB(ATENOLOL )
3302918,DICETEL 100MG C/28 TAB BROMURO DE PINAVERIO
3302920,TERRAMICINA POMADA OFTALMICA 10G OXITETRACICLINA/POLIMIXINAB
3302923,TESALON 100MG PERLAS C/20 BENZONATATO
3302926,TIAMINAL B-12 AP TRIV C/30 CAP
3302927,"AUTRIN 600MG C/36 GRAGEAS FUMARATO FERROSO, ACIDO FSLICO, VI"
3302928,UNICLAR 0.050G SPRAY 18ML NASAL(MOMETASONA)
3302930,PLANTIVAL 160/80MG C/40 GRAGEAS VALERIANA OFFICINALIS
3302932,BACTOCIN 400MG C/8 TAB(OFLOXACINA)
3302933,AVAPENA 25MG C/20 GRAGEAS (CLOROPIRAMINA) SANDOZ
3302934,COMBIVENT RESPIMAT 1.68/8.77MG C/DOSIF.(IPRATRO./ SALBUTAMOL
3302936,RIOPAN 8G GEL 250ML(DIMETICONA/MAGALDRATO)
3302937,CLAVULIN 12H 875/125MG C/10 TAB(AMOXICILINA/ACIDO CLAVULANIC
3302939,RIOPAN 8G GEL 10ML C/20 SOBRES(DIMETICONA/MAGALDRATO)
3302943,ALMAX 15ML SUSP C/24 SOBRES (ALMAGATO)
3302944,NEUPOGEN 30MUI JGA PRE 0.5ML (FILGRASTIM)
3302947,ESMISEN 15/100/100/5 MG AMP(COMPLEJO B/KETOROLACO)
3302951,"DOTBAL C/240 TABLETAS FASE INTENSIVA RIFAMPICINA, ISONIAZIDA"
3302960,LOPRESOR R 95 MG TAB C/20 (METOPROLOL )
3302962,RETIN-A FORTE GEL 0.025%/1.0% 30GRS
3302964,XUZAL SOL. INF 0.5MG 200 ML(LEVOCETIRIZINA)
3302982,TEALEP 5MG. C/30 (FINASTERIDA)
3302984,"VERMOX PLUS 10MG. 3-6 SUSP 10ML(MEBENDAZOL,QUINFAMIDA)"
3302989,CALUTOL 150MG C/28 TAB BICALUTAMIDA
3302991,IVEXTERM 6MG C/2 TAB (IVERMECTINA)
3302992,DEXIVANT 60MG C/14 CAP(DEXLANSOPRAZOL)
3302993,SENOVITAL 5MG.C/30TAB. MASTICABLES (MONTELUKAST)
3302994,SENOVITAL 10MGC/30TAB.MONTELUKAST
3302997,RESOTRANS 2MG C/14 PRUCALOPRIDA
3302999,NAXIFELAR (CEFALEXINA) 500MG CAP C/20
3303000,EYESTIL LUB 10ML LAGRIMA ARTIFICIAL OFTENO
3303004,DIMOFLAX .5/200MG.C/45CAPS.CLEBOPRIDA/SIMETICONA
3303008,MIRCERA 200 MCG/0.3ML C/1 AMP (METOXI POLIETILEN GLICOL-ERIT
3303009,VIMPAT 100MG C/28 TAB(LACOSAMIDA)
3303012,UNASAL 250MG C/30TAB (TERBINAFINA)
3303014,CONAZOL CREMA 40G (KETOCONAZOL)
3303021,ZYPRED 3ML. GATIFLOXACINO/ACETATO DE PREDNISOLONA
3303060,CUBICINE 500 MG AMP IV (DAPTOMICINA)
3303063,DECADURABOLIN 50MG AMP DECNOATO DE NANDROLONA
3304188,REVOLADE 50MG TAB C/28
3304193,XARELTO 15MG.C/28 COMP (RIVAROXABAN)
3304199,LYSOMUCIL 200MG GRANULADO C/30 SOBRES ACETILCISTEINA
3304200,VESICARE 10MG C/10 TABS (SOLIFENACINA)
3304203,FLUZONE JGA PRELLENADA ADULTO. VACUNA CONTRA LA INFLUENZA
3304204,AMOXICLAV BID (AMOXICILINA/AC CLAVULANICO) 400MG/57MG/5ML SUSP 70 ML
3304205,ORELOX SUSP INFANTIL 16.7G CEFPODOXIMA
3304206,VIMPAT 200MG AMP 20ML (LACOSAMIDA)
3304210,MICARDIS DUO 80MG/5MG C/28 (TELMISARTAN/AMLODIPINO)
3304215,PEDIACEL 0.5 ML (VACUNA PENTAVALENTE)
3304230,ACELER 2% 15 G ACIDO FUSIDICO
3304232,PENAMOX M 250MG-8MG/5ML 75ML SUSP AMOXICILINA/BROMHEXINA
3304235,BLOPRESS 8MG C/28 TABLETAS CANDESARTRAN
3304238,POSIPEN 12H 1G C/10 DICLOXACILINA
3304239,LEXAPRO 20MG C/28 TAB ESCITALOPRAM
3304240,REPAFET 10MG C/10 TAB (RUPATADINA)
3304242,CARDINIT 10MG C/7 PARCHES TRINITRATO DE GLICEROL
3304243,CARBAGER PLUS (IBUPROFENO/METOCARBAMOL) 300 MG /300 MG TAB C/10
3304244,AMOXICLAV 250/62.5/5ML SUSP AMOXIXILINA/ACIDO CLAVULINICO
3304246,RESOTRANS 1MGC/14 CPR PRUCALOPRIDA
3304247,TRADERMA 0.03% 30G
3304251,VALDOXA 25MG C/28 CAP AGOMELATINA
3304263,SYMBYAX 3/25MG C/14 (OLANZAPINA/FLUOXETINA)
3304264,LEDERTREXATE 2.5MG C/100 TABLETAS (METOTREXATO)
3304267,NUBRENZA 6MG PARCHE CAJA C/14
3304268,TEGO 250MG C/20 SOBRES TANATO DE GELATINA
3304279,FRESUBIN PLUS FRESA 236 ML FSRMULA ENTERAL
3304283,FRESUBIN FRESA 236ML. FSRMULA ENTERAL
3304284,FRESUBIN PLUS VAINILLA 236 ML. FSRMULA ENTERAL
3304285,PICOPREP 10MG/3.5GR/12GR C/2 SOBRES (PICOSULFATO/OXIDO DE MA
3304288,VICTOZA 100UI/ML CAJA C/ 2 PLUMAS.(LIGARUTIDE ADN RECOMBINAN
3304290,EDARBI CLD 80/12.5 14TAB (AZILSARTAN/CLORTALIDONA)
3304291,DOSTINEX 0.5MG C/2 (CABERGOLINA)
3304294,HIPREX 1G C/20 (METENAMINA)
3304297,MENACTRA INY. 0.5 ML VACUNA MENINGOCOCO
3304298,EUTEBROL 10MG C/20TAB. MEMANTINA 10MG C20TAB.
3304299,SPASMOPRIV 200MG C/24CAPS. FENOVERINA
3304302,NAZIL OFT GOTAS 15ML NAFAZOLINA
3304303,COMBODART 0.5/0.4MG C/30 CAPS (DUTASTERIDA/TAMSULOSINA)
3304305,NUBRENZA 2MG PARCHE CAJA C/7
3304310,ARANESP (DARBEPOETINA) 60 MICROGRAMOS/0.3 ML JER PRELL C/4
3304314,BIOELECTRO C/24 TAB PARACETAMOL. ACETILSALICMLICO ACIDO. CAF
3304316,DUOTRAV SOL FCO 2.5ML
3304320,MICARDIS DUO 80/10MG C/28 TAB (TELMISARTAN/AMLODIPINO)
3304326,TP GOTAS OFT 15ML TROPICAMIDA/FENILEFRINA
3304327,CEFURACET 500 MG TABLETAS CAJA C/ 10 CEFUROXIMA
3304339,ELICUIS 5 MG 20 TAB APIXABAN
3304341,UNESIA UNG 20G BIFONAZOL 1.0G
3304345,TRAYENTA DUO 2.5/850MG C/30 TAB LINAGLIPTINA/METFORMINA
3304346,PENAMOX M 500/8MH C/12CAPS. AMOXICILINA/BROMHEXINA
3304347,DEXIVANT 30MG C/14CAPS DEXLANSOPRAZOL
3304350,CRYL 4% GOTAS OFTALMICAS CROMOGLICATO DE SODIO
3304352,TRAYENTA DUO 2.5MG/1000MG C/30TAB. LINAGLIPTINA/METFORMINA
3304355,FRESUPPORT RN POLVO 454GR FSRMULA NUTRICIA
3304356,MIRCERA 150MCG 03ML J PREL.CAJ 1 METOXI POLIETILEN GLICOL-ER
3304360,CIALIS 20 MG C/4.TABLETAS. TADALAFILO
3304362,EXELON 27MG RIVASTIGMINA PARCHES C/30 LIBERA 13.3
3304363,XARELTO 20MG C/28TAB. RIVAROXABAN
3304368,YURELAX 10MG C/30CAP CILOBENZAPRINA
3304370,IPRIKENE DIOSMECTITA 3G 10SOBRES
3304373,ANGIOTROFIN 2%GEL 60G (DILTIAZEM)
3304377,MUCOCEF SUSUP. 25/4.39/5ML CEFALEXINA /BROMHEXINA
3304378,HIGLOBIN 10 G.(INMUNOGLOBULINA NORMAL ENDOVENOSA)
3304384,UROTROL 2MG C/28TAB.TOLTERODINA
3304393,TEMPRA IV 500MG/50ML (PARACETAMOL)
3304395,SEEBRI 50MG 30CAP GLICOPIRRONIO
3304396,ELICUIS 2.5 MG TAB. CAJA C/20 APIXABAN
3304397,LABETALOL HIDROCHLORIDE INYEC. 100 MG/20 ML.
3304398,COVERSAM 5MG/5MG C/14COMP. PERINDOPRIL/AMLODIPINO
3304416,APROVASC 300MG/5MG C/14(IRBESARTAN-AMLODIPINO)
3304418,CLAVULIN 12H 600MG/42.9/5ML SUSP AMOXICILINA/ACIDO CLAVULANI
3304419,PRISTIQ 50 MG C/28 COMP (DESVENLAFAXINA)
3304423,ZESTORETIC 20/12.5MG C/28TAB. LISINOPRIL/HIDROCLOROTIAZIDA
3304424,PRISTIQ 50MG C/14TAB SUCZINATO DE TESVENLAFAXILA
3304425,SIFROL ER 1.5MG C/30TAB. PRAMIXIPEXOL
3304426,SINCRONIUM 100MG/40MG/10MG C/28CAP. ACIDOACETI/SIMVASTATINA/
3304429,IPRIKENE 3G 10SOBRES (DIOSMECTITA)
3304431,EXFORGE 5/320MG CAJA C/14 (AMLODIPINO/VALSARTAN)
3304436,TRESIBA FLEXTOUCH 100/3ML PLUMA(INSULINA)
3304437,IDAPTAN MR 35 MG 30 COMP TRIMETAZIDINA
3304439,INNOVAIR 120 DOSIS 1MCG FORMOTEROL Y DIPROPIONATO DE BECLOME
3304446,LINZESS 0.29MG C/30 CAPS LINACLOTIDE
3304450,TAMBOCOR ( ACETATO FLECANIDA ) 100 MG
3304453,ARANESP 300MCG/0.6ML CAJA C/1(DARBEPOETINA)
3304459,"AMARYL XM 4/850MG CAJ C/16 (GLIMEPIRIDA, METFORMINA)"
3304461,GRANUDOXY 100 C/28
3304462,MMR II TRIPLE VIRAL (SRP)
3304463,DALVEAR INF JBE DROPROPIZINA/BROMHEXINA 150/80MG/100ML
3304464,TEMERIT 5MG COM C/28
3304466,UNIVAL 1G/5ML SUS FCO C/230ML SUCRALFATO
3304473,VALMETRON-3/800 UI CAJA 50 TAB COLECALCIFERON
3304474,PEDIALYTE SR-60 500ML
3304478,CONFIDEX PROTOMBINA HUMANA
3304479,PROLIA 60MG 1ML JERINGA PRELLENADA C/1
3304481,RELVARE 200/25MCG 30 DOSIS7.05/215MG
3304485,FISIOFER 40MG/15ML FCO CAJ /10 HIERRO SOLUCION
3304489,RYZODEG FLEXTOUCH 70/30U/ML(PLUMA) C/1
3304491,COVERSAM 10MG/5MG C/14COMP PERINDOPRIL/AMLODIPINO
3304492,BLOPRESS 8MG C/ 14 TAB. (CANDESARTRAN)
3304496,DOSIER 5MG C/ 30 COMP. (MOSAPRIDA)
3304497,DRAMAMINE 50MG C/ 24 TAB. (DIMENHIDRINATO)
3304498,EPIVAL 250MG C/30 COMP. (VALPROATO SEMISODICO)
3304503,FORXIGA 10MG C/14TAB. DAPAGLIFLOZINA
3304505,APROVASC 150/5 MG C/14 TAB IRBESARTAN-AMLODIPINO
3304507,FEMISAN 3D VAGINAL TAB. C/3.
3304514,KARET 50MCG CON 50 COMPRIMIDOS
3304523,CIPROFLOX DM 1G C/7 TAB CIPROFLOXACINO
3304524,LYSOMUCIL SOL FCO 120ML FRAMBUESA ACETILCISTEMNA
3304525,FORXIGA 10 MG CON 28 TAB
3304529,ULTIBRO BREEZHALER 110/50MCG 30CAPS INDACATEROL/GLICOPIRRONI
3304533,CYMBALTA 30 MG CAP CAJA C/28 (DULOXETINA)
3304535,CRIAM 600MG. C/30 TAB VALPROATO DE MAGNESIO
3304536,CREON 300MG C/30CAP PANCREATINA
3304537,"DALVEAR 30/160MG/100ML JARABE ADULTODROPROPIZINA,BROMHEXINA"
3304541,KIVEXA 600/300MG C/30TAB ABACAVIR/LAMIVUDINA
3304547,GLIMETAL LEX 2MG/850MG C/16TAB GLIMEPIRIDA/METFORMINA
3304551,KEPPRA 100MG/ML SOL. 150ML.
3304555,SINGULAIR 10MG C/30 (MONTELUKAST)
3304563,HIERRO DEXTRAN IV
3304565,ILIADIN BEBE SOL 20ML OXIMETAZOLINA
3304569,ARANESP (DARBEPOETINA) 40 MICROGRAMOS/0.4 ML JER PRELL C/4
3304570,MICROPAL-CM 30G GEL. ADAPALENO/CLINDAMICINA.01%
3304575,SUPRADOL DUET AMP 10MG/25MG (KETOROLACO/ TRAMADOL)
3304578,MICARDIS DUO 40/5MGTAB C/28TAB TELMISARTAN/AMLODIPINO
3304579,REFRESH GEL TUBO 10GR
3304583,GIABRI 100MG TAB C/30 CIPROFIBRATO
3304591,VALMETROL-3 800 UI 50/TAB.
3304592,BENEDORM (MELATONINA) 3 MG TAB C/40
3304593,DAIVOBET 5MG/50MG UNG 30 GR (CALCIPOTRIOL/BETAMETASONA)
3304594,DUPHASTON 10MG C/20
3304597,ARTERINA 20UI 1ML AMP (VASOPRESSIN)
3304599,ZIR-FOS CAJA CON 12 SOBRES DE 3GC/U
3304601,DUOALMETEC 40MG/5MG C/14 TAB OLMESARTAN/AMLODIPINO
3304603,SAPRAME 200G C/30TAB. BEZAFIBRATO
3304610,RUPILIP TAB 10 CAJA C/30 (ROSUVASTATINA)
3304614,CICLOFERON (ACICLOVIR) 5 G/100 ML SOL SPRAY 50 ML
3304615,LYRICA CAP 50MG C/28 (PREGABALINA)
3304616,VIRAVIR 75MG C/28CAPS. PREGABALINA
3304618,ZEBESTEN 5ML 0.9MG/ML (BROMFENACO)
3304619,INVOKANA 300MG C/30TAB. CANAGLIFLOZINA
3304623,AVALIDE 300MG/12.5MG TAB C/28 IRBESARTAN/HIDROCLOROTIAZIDA
3304624,EMEND IV 150MG. CAJA CON 1 APREPITANT
3304625,ARAHKOR 60MG C/20 TAB (FIMASARTAN)
3304626,ACC 600MG TAB EFERV (ACETILCISTEINA)
3304627,BRINTELLIX 10MG C/28 TAB (VORTIOXETINA)
3304632,DYMISTA D SPR 25ML FRA C/1 AZELASTINA//FLUTICASONA)
3304635,"OMEGA 3,6,9 C/60CAPS."
3304636,INHIBITRON INFUSION 40MG AMP (OMEPRAZOL)
3304637,ROBAX GOLD C/24 TAB METOCARBAMOL/IBUPROFENO
3304639,"MANZANILLA SOPHIA 15ML GOTAS OFT CAMAZULENO, MATRICIDA"
3304642,KARET 100MCG C/50 COM LEVOTIROXINA SODICA
3304650,QVAR 100 MCG 200 DOSISC/DIS (BECLOMETASONA)
3304651,EDARBI 80MG C/14TAB. AZILSARTAN MEDOXOMIL
3304652,EKLIRA GENUAIR 322MG 60 DOSIS (BROMURO DE ACLIDINIO)
3304654,PIASCLEDINE 300C/30CAP(PERSEA GRATISSIMA)
3304661,"MONTACLAR 10MB/10MG C/30TAB. MONTELUKAST,LORATADINA"
3304664,ZINFORO 600MG CAJA CON 10 AMP
3304666,SAMYR 500MG C/20 TAB (ADEMETIONINA)
3304668,NUMARK (BUDESONIDA) AER10ML(12.1G)200DOS 200MG
3304669,"NEBAPOL 30G UNG NEOMICINA,BACITRACINA,POLIMIXINA B"
3304671,STALEVO 150/37.5/200 MG (LEVODOPA/CARBIDOPA/ENTACAPONA)
3304673,EUTIROX 112MCG C/50 TAB (LEVOTIROXINA SODICA)
3304676,LYRICA 25MG C/28 CAP (PREGABALINA)
3304685,DILARMINE .2MG/.4MG/ML 100ML PARAMETASONA/CLORFERAMINA
3304687,THOREVA (ATORVASTATINA) 40MG C/56M TAB
3304689,CETOLAN 30 SOBRES CON 7G C/U
3304690,EVOCS III 500MG 7TABLETAS (LEVOFLOXACINO)
3304692,NEURALIN RELIEF (COMPLEJO B/KETOPROFENO)C/20 TAB
3304695,XUZAL 5MG C/10 TAB (LEVOCETIRIZINA)
3304696,ILTUX (OLMESARTAN)20MG C/28 TAB
3304697,VENASTAT 50MG C/60CAPS. AESCULUS HIPPOCASTANUM
3304699,MONTIPEDIA CR 10MG C/30COMP MONTELIKAST
3304700,TABITRAL (HALOBETASOL) CREMA 0.05% TUBO 30G
3304701,PEZZIL (DONEPECILO) 5MG TAB C/28
3304705,FLEET PS FOSFOSODA(LIMON-JENGIBRE)2.4G/0.9G/5ML
3304706,CONTROLIP-TRILIPIX 135MG C/30CAPS FENOFIBRATO DE COLINA
3304707,ARANESP 80MCG/0.4 JPRELL CAJA C/1(DARBEPOETINA)
3304720,DORIXINA GEL 5GR TUBO C/50 GR (CLONIXINATO DE LISINA)
3304724,"OKSEN 80MG/12.5MG C/30CAPS (TELMISARTAN,HIDROCLOROTIAZIDA)"
3304727,TARDYFERON FOL(SULF-AC. FOL)C/30GRAGEAS
3304728,DIPROSPAN 2ML AMPULA 5MG/2MG (BETAMETASONA)
3304731,RIOPAN GEL C/10 SOB 10ML
3304735,QUINORET CREMA 30GR
3304740,ZOLAG FRANCO GOTERO 15ML (HIALURONATO GLICERINA)
3304743,JANUMET XR 100MG 1000MG TAB CAJ C/14
3304744,TIM ASF 25MG C/30 TAB (QUETIAPINA)
3304747,VIVIOPTAL CAPS C/30
3304749,BARMICIL COMPUESTO
3304750,"DEXABION AMPOLLETA C/3 (TIMINA,PIRIDOXINA, CIANOCOBALAMINA)"
3304753,REPATHA 140MG/MLPLP CALA C/1
3304754,SPIOLTO RESPIMAT 30D SOL 226MG INH C/4
3304755,LIBERTRIM SII 100MG/37.5MG C/20 COM
3304761,"ARLEVERT 20/40 MG TAB. C/20 (CINARIZINA,DIMENHIDRATO)"
3304763,MOTRIN 800MG GRA FCO C/45 (IBUPROFENO)
3304764,GLICOLIC H LOC FCO C/60ML
3304775,XARELTO 10 MG CAJA C/30
3304776,EBIXA 20 MG CAJA C/14 (MEMANTINA)
3304777,BLODIVIT 40 MG CAJA C/30
3304778,BLODIVIT 80 MG CAJA C/30
3304781,TEGRETOL 200MG C/50 COMP (CARBAMAZEPINA)
3304782,AGRIFEN CAFEINA CLORFENAMINA FENILEFRINA PARACETAMOL C/10 T
3304784,BOLENTAX 40MG/0.4ML C/2 JGP (ENOXAPARINA SODICA)
3304785,VALEXTRA(VALACICLOVIR)500MG C/42COM
3304789,DIPROSONE UNG TUBO 30 GR
3304793,BAPEX 300MG C/30CAPS (GABAPENTINA)
3304794,VASCULFLOW C/20 250MG-225MG-25MG (DOBESILATODE CALCIO
3304795,GAMO S 20MG TAB C/14 (PANTOPRAZOL)
3304808,PISACAINA SPRAY 10G/100 ML FRASCO 115 ML
3304809,ANORO(UMECLIDINO/VILANTEROL)INH 62.5MCG/25MCG
3304812,LYRICA 300MG C/28CAP (PREGABALINA)
3304813,FALOT 1G AMP. PISA (CEFALOTINA)
3304814,AMPLIUM 1G AMP IV (MEROPENEM)
3304815,TRADOL RETARD 200MG TAB CAJ C/10
3304821,LAMOBRIGAN 10MG C/14 TAB
3304822,REPAFET (RUPATADINA)10MG 20TABLETAS
3304823,BENZAC AC 10% GEL 60GRS (PEROXIDO DE BENXZOILO)
3304824,TURAZIVE (FEBUXOSTAT) 80MG C/15 TAB
3304825,ZYPLO 60MG (LEVODROPIZINA) 20 TABLETAS
3304829,ENTRESTO 100MG C/30 COMP. (SACUBITRILO VALSARTAN)
3304831,CO DIOVAN 320/25 MG C/30 TAB
3304834,LIPITOR 20MG TAB 30 (ATORVASTATINA)
3304839,TRIFAMOX IBL-12H 875/125MG C/14 COM (AMOXICILINA/SULBACTAM)
3304841,ROPICONEST 2MG AMP 20ML (ROPIVACAINA)
3304846,BETNOVATE LOCION (BETAMETASONA) 0.122G /100 ML SUSP 50 ML
3304848,RELVARE 100/25 INHALADOR CON 30 DOSIS (FLUTICASONA/VILANTERO
3304851,SERONEX LP 60MG C/30 TABLETAS LIBERACION PROLONGADA
3304853,GARBICAN 150MG C/28 CAP (PREGABALINA)
3304854,GARBICAN 75MG C/28 CAP (PREGABALINA)
3304855,FLUXEDAN 6MG/12MG 24 COMP(BHOMHEXINA/OXELADINA)
3304856,MUCOANGIN GROSELLA 20MG TAB CAJ C/18 (AMBOXOL)
3304858,COVERSAM 5MG/5MG C/30
3304862,DABEX 1000MG METFORMINA C/30 TABLETAS
3304865,XL-3 325-10-4 MG C/8 TABS.
3304873,SELTAFERON 75MG C/10 CAP(OSELTAMIVIR)
3304874,GANTENA 10MG C/30 TAB (ROSUVASTATINA)
3304875,GANTENA 20MG C/30 TAB (ROSUVASTATINA)
3304880,AGRELESS 75 MG C/28 TAB
3304882,DABEX(METFORMINA)750MG TAB C/60
3304883,BOLENTAX 60MG/0.6ML CAJA C/2 (ENOXAPARINA)
3304885,PULMONAROM LISADOS BACTERIANOS C/20 AMPOLLETAS
3304886,ZUNUN 500 MG C/30
3304887,ALISTINT 20MCG AMP CAJA C/5 (ALPROSTADIL)
3304889,GELAN PLUS 8/1G GEL C/250ML
3304893,HYABAK OFT 0.15% 10ML HIALURONATO DE SODIO
3304895,FORMULA MAGISTRAL
3304896,ENTRESTO 50MG CAJ C/30 (SACUBITRILO/VALSARTAN)
3304897,RIBUSPIR 200MCG AER (BUDESONIDA)
3304905,APROVASC (IRBESARTAN/AMLODIPINO) 150 MG/5 MG TAB C/28
3304906,APROVASC 150/5 MG C/28
3304909,INHIBITRON TWIT 20/1100MG CAPS 30
3304910,INVOKANA DUO 150/850MG TABS. C/60 CANAGLIFLOZINA/METFORMINA
3304911,TOUJEO 300 U/ML PLUMA C/3 CARTUCHOS 1.5ML INSULINA GLARGINA
3304919,DIAMICRON MR 60MG CAJ C/30 COMP (GLICLAZIDA)
3304923,PRESTEME 10MG/G TB C/30G (IVERMECTINA)
3304925,LIPITOR 40MG 30 TAB ATORVASTATINA
3304926,BENSITRAK 20MG/10ML AMP IV (BESILATO DE CISATRACURIO)
3304927,JAGODI 200MCG AER (BUDESONIDA)
3304928,ILTUX 2HCT 40/12.5 MG TAB CAJ C/28
3304929,GREMILTAL 75MG C/10CAP (OSELTAMIVIR)
3304930,GREMILTAL 45MG C/10 CAP (OSELTAMIVIR)
3304934,LYSTEDA 650MG C/30 TABLETAS
3304935,LYSTEDA 650 MG C/30 (ACIDO TRANEXAMICO)
3304940,TERRAMICINA 500MG C/16
3304944,METOTROP 5 % GEL TUB C/40G
3304945,AZILECT (RASAGILINA MESILATO) 1 MG TAB C/30
3304946,TIVICAY 50MG TABS. C/30 DOLUTEGRAVIR
3304947,ZERBAXA 1G/0.5G AMP IV (CEFTOLOZANO/TAZOBACTAM)
3304951,DUOALMETEC 20/5MG CAJA C/14 OLMESARTAN/AMLODIPINO
3304954,EMSELEX 7.5MG COMP. C/14 DARIFENACINA
3304955,TOUJEO 300U/ML JPRELL 1.5ML C/1 (INSULINA GLARGINA)
3304956,BRIVIACT 50MG/5 ML 1 AMP (BRIVARACETAM)
3304958,TRULICITY 0.75MG/0.5ML PLP CAJA C/2
3304959,LEVAMIN NEP 5.4% FCO 250ML (AMINOACIDOS ESENCIALES)
3304960,GOTALGIC GOT FCO C/14 3ML OTICO
3304963,OPCON-A SOLUCION C/15ML
3304964,YASMIN 24/4 DROSPIRENONA-ETINILESTRADIOL
3304965,TUMS 750MG MASTICABLES SABORES 3 ROLLOS DE 8
3304966,DOBUJECT 250MG AMP IV 5ML (DOBUTAMINA)
3304967,DORIXINA TMR 125/25MG C/14 TABS (CLONIXINATO DE LISINA/TRAMA
3304971,NULANZA AMP 10ML (OLIGOMETALES ENDOVENOSOS)
3304982,ATOZET 10/40MG EZETIDIMA/ATORVASTATINA
3304985,D. UNIT. TIM ASF 25MG
3304988,TRESIBA FLEXTOUCH 100/3ML CAJA C/5 PLUMAS(INSULINA)
3304989,ANEREX SUSPENCION 115 ML
3304991,ARCOXIA 90MG C/28 TAB
3304994,NEOLBLOCK 50 MG /5ML AMPOLLETA (ROCURONIO)
3304997,VIRAVIR 150MG 28 CAPS (PREGABALINA)
3304998,EUTIROX 137MCG 50 TAB LEVOTIROXINA SODICA
3304999,DESCORCHE DE MEDICAMENTO
3305000,PRECEDEX 200MCG FCO AMP 50ML (DEXMEDETOMIDINE)
3305004,LIBERTRIM ALFA 200MG C-32 TAB.
3305006,COVERSAM 10/5MG 30 COMP
3305007,LIBONIDE 0.250 MG/ML FCO 2 ML (BUDESONIDA) PIEZA
3305013,JARDIANZ DUO TAB 5 MG/850 MG (EMPAGLIFLOZINA/METFORMINA)
3305014,VENTAVIS 10MCG/2ML AMP C/30
3305015,CICAFARM K (VITAMINA K) 30 G CREMA 30 G
3305017,LOMETOPAN SUSP 18ML
3305018,ARTELAC NIGHTTIME GEL 10G
3305019,ALBUMINA DE HUEVO SABOR NATURAL FCO 500 GR
3305022,XIGDUO XR 10/1000MG TAB CAJ C/14
3305023,SEROQUEL XR 300 MG TAB CAJ C/30
3305027,DESCORCHE DE MEDICAMENTO
3305028,D. UNIT. DIMEGAN D 5/20MG (LORATADINA/FENILEFRINA)
3305030,D. UNIT. CETOLAN 7G SOBRE
3305031,D.UNIT. EMSELEX 7.5MG COMP. (DARIFENACINA)
3305033,VALMETROL-3 1600 UI C/50 TABLETA COLECALCIFEROL
3305034,TECTA 20 MG TAB 28
3305036,HYZAAR 100/25MG COM CAJ C/30
3305037,EBIXA 20MG TAB CAJ C/28
3305038,LASFLIGEN 25/125MCG INHAL 120 DOSIS
3305039,SOPHIPREN OFT 10MG GTA 5ML
3305040,HIGROTON BLOCK(ATENOLOL/CLORTALIDONA) 50/12.5 MG TAB C/28
3305041,DORIXINA TMR 125/25 TAB/14 (CLONIXINATO DE LISINA/TRAMADOL
3305042,ATEKA (MESALAZINA) 1200 MG TAB C/16
3305043,BRIVIACT 50MG TAB C/28
3305044,ESTHIPIA 400 MG TAB CAJ C/7
3305045,ALBUMINA HUMANA AL 20% 50ML GRIFOLS
3305049,ELATEC MPFF 1000MG SUSP SB30
3305051,RINOCLENIL SOL NAS FCO 30ML
3305053,MEPROXIDINA 200MCG/2ML (DEXMEDETOMIDINA)
3305054,OPDIVO 100MG/10ML INY CAJA C/ 1(NIVOLUMAB)
3305056,VIRAZIDE 15GR 7.5%
3305060,ATROPISA (ATROPINA) 1MG/ 1 ML. PISA 4000461
3305061,BICARNAT 7.5 % 10 ML AMP. PISA 4000279 (BICARBONATO DE SODIO
3305062,AMINOFILIN (AMINOFILINA) 250MG/10ML AMP
3305065,ADACEL BOOST 0.5ML F A CAJ C/1
3305066,VELIAN SOLN. 25 MG/10 ML SOBRE (DEXKETOPROFENO)
3305067,ABRAXUS 100MG C/1 (PACLITAXEL)
3305072,JARDIANZ TAB 10 MG CAJA C/30 (EMPAGLIFLOZINA)
3305073,THOREVA 20MG C/ 60 TAB
3305074,HISTOFIL 4000 UI C/ 60 TAB
3305075,EDARBI CLD 40/12.5 MG C/ 14 TABLETAS
3305078,EDARBI CLD 40/12.5 MG TAB FCO C/28
3305080,VALMETROL-3 400UI C/50 TAB COLECALCIFEROL (VITAMINA D3)
3305081,AYTUGRE NS 50MCG 120 DOSIS INHALA
3305082,METEOPASMYL 60MG/300MG CJA C/20 CAP
3305083,SIFROL ER 3MG TAB MG C/30
3305084,BEROCCA 590.16/125-100MG C/30
3305085,D. UNIT. REVATIO 20MG TAB (SILDENAFIL)
3305086,ZACTOS 15MG TAB CAJA C/28
3305089,DESCORCHE DE MEDICAMENTO
3305090,PERFALGAN (PARACETAMOL)1G SOL INY 100ML AMP
3305091,D.UNIT. EDARBI CLD 80/12.5MG TAB (AZILSARTAN/CLORTALIDONA)
3305094,AKIRA SPRAY 18G 0.05% 140 NEBULIZACIONES
3305095,CRESTOR 40MG C/30 TAB (ROSUVASTATINA)
3305097,BIOFILEN 50MG ATELONOL TAB C/28
3305098,PLENACOR LP CAP 50/20 C/20
3305099,ZEDESEN 400MG C/ 10 CAPS
3305100,D.UNIT. TOPAMAX 50MG C/20 TAB(TOPIRAMATO)
3305102,D. UNIT. ATARAX 10MG (HIDROXIZINA) TAB
3305104,GALVUS MET 50MG/850MG C/30 CPR METFORMINA/VILDAGLIPTINA
3305105,PERFALGAN SOL.IV. 500MG 10MG/ML 50ML PARACETAMOL
3305106,EUFLEXXA TA 10MG JGA PRELL 2ML
3305107,TRIMBOW AEROSOL 100/6/12.5 MCG INH C/120 DOSIS
3305108,D. UNIT. DOLO NEUROBION FORTE TAB
3305109,DOLO NEUROBION DC C/3 3ML
3305110,FOSFONAT 150MG C/ 1 TAB ACIDO IBANDRONICO
3305112,THEALOZ 3% SOL OFTAL FCO 10ML
3305113,ANTINOCIL (MINOCICLINA) 100 MG TAB C/10
3305114,CICLOFERON XTRM (ACICLOVIR/LIDOCAINA) 5 G/2 G/100 ML SPRAY SOL 5% 50 ML
3305115,CICLOFERON XTRM SPR 5GR 50ML
3305117,TRULICITY 1.5MG/0.5ML C/2 PLM
3305120,MINOPAC 100MG C/12 TAB (MINOCICLINA)
3305126,HOPE FCO AMP 50MG/2ML NITROPRUSIATO DE SODIO
3305128,HYZAAR 50/12.5 C/30
3305130,LUNARIUM 100/300MG CAPS C/28
3305131,VAQTA 25 U F A 0.5ML C/1 DOSIS
3305132,D. UNIT. FIRAC PLUS 125/10 MG TABLETA
3305133,MICTASOL 400/100MG CAJA C/16
3305135,EDARBI CLD 80/12.5 TAB C/28 (AZILSARTAN/CLORTALIDONA)
3305136,ZAVICEFTA 2G/0.5G FCO CEFTAZIDIMA/AVIBACTAM
3305140,ATOZET (EZETIMIBA/ATORVASTATINA) 10 MG/20 MG TAB C/30
3305141,CRYOFLAXOL 500MG AMP (CICLOFOSFAMIDA)
3305142,LYRICA SOLUCION 2G/100ML (PREGABALINA)
3305143,D. UNIT. SYMBYAX 3/25MG (OLANZAPINA/FLUOXETINA)
3305146,SIVEXTRO 200MG TAB CAJ C/6
3305147,DUPHALAC JBE 150 ML LACTULOSA
3305148,NORPROLAC 25MCG C/9 COMPRIMIDOS QUINAGOLIDA
3305150,FEMARA 2.5 C/30 TBS
3305151,IBRANCE-21 125MG C/21 TAB
3305152,D. UNIT. REDEVANT 4 MG TAB (PITAVASTATINA)
3305154,D. UNIT. SINCRONIUM (100MG/40MG/10MG) CAP
3305155,DARDAREN 1MG C/30
3305157,BANTUAN 37.5MG/325MG FCO C/20 TAB CLORHIDRATO TRAMADOL/PARAC
3305158,D. UNIT. PEPSANE 3G/4MG GEL ORAL
3305159,"ALMETEC TRI 40MG/5MG/12.5MG (OLMESARTAN,AMLODIPINO,HIDROCLOR"
3305162,BUSCAPINA DUO (HIOSCINA/PARACETAMOL) 10 MG/500 MG TAB C/20
3305163,HUMALOG MIX 50 KWIIK PEN 100UI JPRELL CAJ C/1X3 ML
3305164,CENTRUM SILVER C/60 TABLETAS
3305165,INNOVAIR NEXTHALER 100/6 UMG POLVO C/120 DOSIS BECLOMETASONA
3305167,FRESEKABI D FRESA 236ML FORMULA ENTERAL
3305169,D. UNIT. FLUXEDAN 6MG/12MG COMP
3305171,ARFLA 550MG (RIFAXIMINA) C/15 TABLETAS
3305172,"TRIPLIXAM 5MG/1.25MG/5MG PERONDOPRIL ARGININA,INDAPAMINA"
3305173,BRISTAFLAM 100MG C/10 COMPRIMIDOS (ACECLOFENACO)
3305174,HALDOL 2MG 30ML GOTAS HALOPERIDOL
3305175,FLUANXOL DEPOT 20MG/1ML IM (FLUPENTIXOL)
3305178,ELATEC 1000MG C/30 TAB DIOSMINA/HESPERIDINA PURIFICADA MICRO
3305179,D. UNIT FOLIVITAL 0.4MG TAB (ACIDO FOLICO)
3305180,D.UNIT. FOLIVITAL 4MG TAB (ACIDO FOLICO)
3305181,INHEPAR 1000 UI/ML (HEPARINA)
3305182,D. UNIT. STALEVO 100/25/200MG TAB
3305183,HEP-TEC (HEPARINA DE SODIO) 10000IU /10ML FCO
3305185,NATRIXAM 1.5/10 MG COM C/30
3305186,NYTOL 50MG C/8 TAB
3305187,ZALDIAR 325/37.5 MG C/50 TAB (PARACETAMOL/TRAMADOL)
3305188,D. UNIT JANUMET XR 100MG/ 1000MG TAB
3305189,"D. UNIT TRIPLIXAM 5MG/1.25MG/5MG PERONDOPRIL ARGININA,INDAPA"
3305190,PRIKUL 75MG C/14 CAPSULAS (PREGABALINA)
3305191,OCREVUS 300MG / 10ML 1 FAM 10ML
3305192,BACTRIM 40/200MG SUSP 100ML(SULFAMETOXAZOL Y TRIMETOPRIMA)
3305193,FLORATIL 200MG C/12 SOBRES (SACCHAROMYCES BOULARDII)
3305194,DENVAR 100MG /5ML CEFIXIMA 50ML
3305196,ALIREN 50MG/3MG/300MG 24CAP AMANTADINA CLORFENAMINA PARACET
3305198,FESTOMAR 10/10 MG CAP CAJ C/30
3305200,TRELEGY 30 DOSIS 100/62.5/25 MG CAJA PVO C/INHALADOR
3305201,LUMIGAN RC 0.1%MG GTS FCO C/3ML (BIMATOPROST)
3305203,DOLO NEUROBION C/30 TABLETAS
3305206,DOZIMEV (DONEPEZILO) 10MG C/28 TABLETAS
3305207,GELATEIN NARANJA 120ML
3305208,GELATEIN PONCHE 120ML
3305209,D. UNIT. PROCORALAN 7.5MG (IVABRADINA)
3305210,INCRESINA DUO 12.5 MG/850MG
3305212,NETEX SIFI 0.1/0.3% SOL 5ML
3305213,CETOLAN III (ALFA CETOANALOGOS DE AMINOACIDOS) 3150 MG SOBRE
3305215,CETOLAN IV (ALFA CETOANALOGOS DE AMINOACIDOS) 2520 MG SOBRES
3305216,DOLO TANDAX 275/300MG (NAPROXENO/PARACETAMOL) 24TAB
3305218,VALGION CTL 62.5MG/12.5/3ML C/ 3 AMPOLLETAS
3305219,ABELCET (AMFOTERICINA)100MG 20ML INY
3305224,D. UNIT. CITOX (CITALOPRAM) 20 MG TAB
3305225,CETOLAN (ALFA CETOANALOGOS DE AMINOACIDOS) 630 MG TAB C/100
3305227,OFOXEL 300/50ML FCO AMP C/EQUIPO
3305228,AMITIZA (LUBIPROSTONA) 8 MCG C/60 CAP
3305230,FENILEFRINA 10MG 1 ML AMP.
3305231,LOMETOPAN (MOMETASONA) 0.05% 50MCG SUSP 10ML 60 NEBUL
3305233,D. UNIT. SINUBERASE (BACILLUS CLAUSII) 5 ML AMP
3305234,EVASTEL 1 MG FRA C/60ML
3305235,CYRAMZA (RAMUCIRUMAB) 500/50ML CAJ C/1
3305236,TURAZIVE 80 MG TAB C/28
3305237,FLONORM 550MG C/14
3305238,ALIREN JARABE 60ML (AMANTADINA CLORFENAMINA PARACETAMOL)
3305239,BENSITRAK (CISATRACURIO) 10 MG/5 ML AMP
3305240,MITZORATTA 20MG C/28
3305241,TELARTEQ 40 MG TAB C/30 (TELMISARTAN)
3305242,D. UNIT. EUTIROX (LEVOTIROXINA) 112 MICROGRAMOS TAB
3305244,CRESTOR 5MG C/30 TABLETAS
3305245,DUOSIGHT GEL 30G CLINDAMICINA/PERIOXIDO DE BENZOILO 1/5%
3305250,DORIXINA FLAM (CLONIXINATO DICLOFENA) 250/50 C/14 TABLETAS
3305251,KITOSCELL LP 600 MG C/90
3305253,ELECTROLIT ADULTO 1000 ML (ELECTROLITOS ORALES)
3305254,EXFORGE 5/320 MG COM CAJ C/ 28
3305255,PREDIAL 500 MG 1 SOL C/150 ML
3305256,HIPOGLOS PAC CREMA TUBO 110G
3305258,D. UNIT. GRANEODIN B (BENZOCAINA) 10 MG PASTILLA
3305259,OLIMEL TRICAMARA N7 BOL C/1LITRO NUTRION PARENTERAL
3305260,ZISUAL-C TUBO DE 30 GR 50MG/2.5MG/180MG/35MG
3305261,MELOX NOCHE SUSP 360ML
3305262,DARZALEX (DARATUMUMAB) 400 MG / 20 ML
3305264,VONTROL LP (DIFENIDOL) 100 MG C/ 10 TABLETAS
3305265,VYTORIN 10/10MG (EZETIMIBA/SIMVASTATINA) C/28
3305267,OLICLINOMEL TRICAMARA 6N 2 LT NUTRICION PARENTERAL
3305269,KALLION XR (OXCARBAZEPINA)600MG TAB. CAJ C/30
3305270,DORIXINA-FLAM 250/50 MG TAB CAJ C/14
3305275,EVEREST MASTICABLE (MONTELUKAST) 5 MG 30 TABLETAS
3305276,ASOFLON DUO (DUTASTERIDA/ TAMSULOSINA) .5MG/ 0.40 MG C/30 CA
3305278,RYZODEG FLEXTOUCH 70/30U ML PLP CAJ C/1
3305282,DOSCOXEL 90 MG TAB C/28
3305283,DI ARAHKOR 60/12.5 MG TAB CAJA C-20
3305284,DESCORCHE DE MEDICAMENTO
3305287,LIBERTRIM LP 300 MG C/30 COMP
3305288,GLUTAMINA PLUS NARANJA 22.4G POLVO ORAL
3305289,XTANDI 40MG
3305290,PENTASA 1GR SUPOSITORIOS CAJA C/14
3305291,D. UNIT. PENTASA 1GR SUPOSITORIOS LIB. PROL.
3305295,D. UNIT. CIALIS (TADALAFIL) 5 MG TAB
3305296,PERIPLUM 1% SOL FCO 50 ML
3305297,D. UNIT. LACTEOL FORT 170MG; 5000 MILLONES CAP
3305298,EPORATIO 20.000 UI/ 1 .0ML 1 JGP C/1 ML
3305302,ADEMPAS 1MG COMPRIMIDOS
3305306,D. UNIT. JARDIANZ DPP 25MG/5MG
3305310,GRANUDOXY (DOXICICLINA) 100 MG C/15 TABLETAS
3305315,AVALA (CIMICIFUGA RACEMOSA) 6.5 MG C/30 CAPSULAS
3305316,CORTIMENT MMX ( BUDESONIDA) 9MG TAB LP C/30TAB
3305318,D. UNIT. DOSTEIN (ERDOSTEINA) 300 MG CAP
3305321,VELIAN (DEXKETOPROFENO) 50 MG / 2 ML IM IV AMPOLLETA
3305322,TEMERIT KOX C/14 TAB.
3305323,VITAFUSIN INY 5 ML MULTIVITAMINICO
3305325,NULYTELY BIS (BISACODILO/MACROGOL) 5MG/105G TABLETA/POLVO C.
3305329,D. UNIT. NUVIGIL 150MG TABLETA
3305330,D. UNIT. CRONOCAPS 5MG CAPSULA
3305331,D. UNIT. KARET 50MCG COMP
3305333,OPDIVO (NIVOLUMAB) 40MG/4 ML C/1
3305336,BI1 PROTEIN BOTE DE 400GS
3305338,DRUSEN MEGA CAPS CAJA C/30 (SUPLEMENTO ALIMENTICIO)
3305341,PRALUENTE (ALIROCUMAB) 150MG/ML C/1 PLUMA PRECARGADA INY
3400000,ANTIFLUDES PEDIATRICO 2.5 G/0.1 G/15 G/100 ML GOTAS 30 ML
3400035,RISPERDAL 1MG C/20 TAB(RISPERIDONA)
3400139,LEFEBRE 0.4 MG/ML 1ML (NALOXONA)
3400141,RENEGY 500MG/10ML AMP IV (CARBOXIMALTOSA FERRICA)
3500014,FLIXOTIDE AER SUSP 50UG 0.83MG/10.2G 120 DOSIS(FLUTICASONA)
3500019,NEOLAIKAN 500MG C/30 GRAGEAS VALERIANA
3500024,FOSFOCIL G.U. 3G ADU GDO. SOBRES(FOSFOMICINA)
3500025,HISTIACIL NF C/10 CAPS DEXTROMETORFANO/AMBROXOL
3500031,PANCLASA 80/80MG C/20 CAPS (FLOROGLUCINOL/TRIMETILFLOROGL
3500033,BEPANTHEN 5% POM 100GR DEXPANTENOL
3500050,LOCOID 1MG/1G CREMA 30G(HIDROCORTISONA)
3500066,FACTIVE-5 320MG C/5 TABS GEMIFLOXACINO
3500096,EZETROL 10MG C/10 CAPS EZETIMIBA
3500104,ENTOCORT ENEMA 2.3MG C/7 PZAS BUDESONIDA
3500111,CICLOFERON (ACICLOVIR) 400 MG TAB C/35
3500113,BROXOL AIR SOL 120ML FCO AMBROXOL/SALBUTAMOL
3500114,FOLIVITAL 4MG C/90 TAB (ACIDO FOLICO)
3500116,"MELOX NOCHE SUSP 180ML(ALGINATO,MAGNESIO,ALUMINIO)"
3500118,NOVEFAZOL SUSP 15G C/26 SOBRES
3500121,CARTIGEN (DIACEREINA) 50 MG CAP C/20
3500128,GABANTIN 300MG C/30 CAPS(GABAPENTINA)
3500146,BENADRYL 0.25G 120ML JARABE DIFENHIDRAMINA
3500162,FABROVEN 150MG C/30 CAPS ACIDO ASCSRBICO
3500170,FISOPRED SOLUCION PEDIATRICA 100ML(PREDNISOLONA)
3500173,BAYCUTEN SIMPLE CREMA 30GR(CLOTRIMAZOL/DEXAMETASONA)
3500185,PLIDAN 1G GOTAS 20MLPARGEVERINA
3500187,BRONCHO VAXOM AD 7MG C/10 CAP LISADOS BACTERIANOS
3500193,DENVAR 400MG C/6 CAPS (CEFIXIMA )
3500196,MACROZIT 500MG C/3 TAB (AZITROMICINA)
3500223,METICEL OFT 10ML 2%(HIPROMELOSA)
3500228,FITOESTIMULINA CREMA 30G(TRITICUM VULGARE)LOGISTICA VALEANT
3500230,"BEROCCA EFERVECENTE C/10 CPR VITAMINAS, CALCIO Y MAGNESIO"
3500235,LAMICTAL 50MG DISPERS C/28 (LAMOTRIGINA)
3500265,FACICAM 20MG C/20 CAP PIROXICAM
3500283,HEMOSIN K 25/5MG C/32 TAB(CARBAZOCROMO/VITAMINA K3)
3500292,NOVOTIRAL 20/100MCG C/50 TAB(LEVOTIROXINA SODICA/LIOTIRONINA
3500312,BINOTAL 500MG C/20 CAPS (AMPICILINA)
3500322,MYDOCALM A C/30 CAPS TOLPERISONA /PARACETAMOL
3500323,DEPAKENE 250MG C/30 CAPS(ACIDO/VALPROICO)
3500326,PLIDAN COMP 10/125MG C/20 GRAGEAS PARGEVERINA/ CLONIXINATO L
3500340,CALCORT 30MG C/10 TAB
3500341,ADVIL MAX 400MG C/10 CAP (IBUPROFENO)
3500346,FLURINOL 20MG C/10 TAB EPINASTINA
3500377,NOOTROPIL 800MG C/30 TAB (PIRACETAM)
3500383,MICROMYCIN 100MG C/10 TAB(MINOCICLINA)
3500386,AXOFIN 2G SUSP 120ML(DOXOFILINA)
3500388,FUCICORT 20/1MG TUBO 15G(ACIDO FUSIDICO/BETAMETASONA)
3500397,CLOISONE 250MG/25MG C/30 TABS(LEVODOPA/CARBIDOPA)
3500401,ORELOX 200MG C/10 CPR(CEFPODOXIMA)
3500412,VERMOX PLUS 300/150MG C/2 TAB MEBENDAZOL/QUINFAMIDA
3500423,HEPA MERZ 3G C/10 SOB.GRANULADO(L-ORNITINA/L-ASPARTATO)
3500435,NEOMIXEN 250MG C/10 TAB(NEOMICINA)
3500460,FLIXOTIDE AER SUSP 250UG 3.3MG/5.1G 60 DOSIS(FLUTICASONA)
3500461,LOXONIN 60MG C/10 TAB(LOXOPROFENO)
3500464,DRAMAMINE 50MG C/24 TAB(DIMENHIDRINATO)
3500480,PEMIX GRANULADO 1MG C/30 SOB CINITAPRIDA
3500485,FASIGYN 500MG C/8 TAB(TINIDAZOL)
3500493,FERRANINA FOL C/30 GRAG(HIERRO POLIMALTOSADO/ACIDO FOL
3500494,FERRANINA 3.125G JARABE 100ML(HIERRO POLIMALTOSADO)
3500496,EXELON 9.5MG C/30 PARCHES(RIVASTIGMINA)
3500503,PLAQUENIL 200MG C/20 TAB HIDROXICLOROQUINA
3500509,INHIBITRON F 40MG C/7 CAPS(OMEPRAZOL )
3500512,FLUXEDAN 5/125MG 225ML JARABE BROMHEXINA/OXELADINA
3500514,AZILECT 1MG C/10 TAB(RASAGILINA MESILATO)
3500520,FOSFOCIL 500MG C/6 CAPS FOSFOMICINA
3500528,ANTIFLUDES JR 60ML SOL (AMANTADINA/CLORFENAMINAPARACETAMOL)
3500536,LOMEXIN 1G C/2 OVULOS(FENTICONAZOL)
3500537,EVASTEL Z 20MG C/30 OBLEAS(EBASTINA)
3500542,EUTEBROL 10MG C/30 CPR MEMENTINA
3500544,AMINOEFEDRISON NF 150ML JARABE(TEOFILINA/AMBROXOL)
3500549,GOTINAL AD PUMP 1MG SPRAY 15ML(NAFAZOLINA)
3500551,CITRACAL 950MG C/60 TAB CITRATODE CALCIO
3500557,LOMEXIN 2% 30G CREMA DERMICA FENTICONAZOL
3500558,FERRANINA COMPLEX C/30 GRAG(HIERRO POLIMALTOSADO/VITAMINAS
3500559,HEMOSIN K 100/30MG JARABE 200ML(CARBAZOCROMO/VITAMINA K3)
3500560,INDOXYL 5/1G GEL 30G CLINDAMICINA / BENZOILO
3500561,BROXOL PLUS (AMBROXOL/CLENBUTEROL) 150 MG/100 MG SOL 120 ML
3500571,DICETEL 100MG C/14 TAB(BROMURO DE PINAVERIO)
3500575,GLUCOVANCE 500MG/2.5 C/60 TAB METFORMINA Y GLIBENCLAMIDA
3500592,BENZAC AC 2.5% GEL 60G PEOXIDO DE BENZOILO
3500609,ADEROGYL C GOTAS 10ML ERGOCALCIFEROL
3500647,FOSFOCIL 500MG C/12 CAPS FOSFOMICINA
3500648,LOTEREX 0.5% GOTAS 5ML LOTEPREDNOL
3500659,OBRYPRE SUSP GOTAS 10ML OFTALMICA TOBRAMICINA/PREDNISOLONA
3500660,KETOSTERIL C/100 GRAGEAS(ALFA CETOANALOGOS DE AMINOACIDOS)
3500675,NATURETTI C/20 CAPS
3500684,PANKREOFLAT C/30 GRAGEAS(DIMETICONA/PANCREATINA)
3500698,POLYVISOL 50ML GOTAS
3500715,GAAP GOTAS OFT 3 ML (LATANOPROST)
3500728,KIDDI PHARMATON JARABE 100ML MULTIVITAMINICO
3500735,LAGRIFILM PLUS SOL 15ML(ALCOHOL POLIVINILICO/POVIDONA)
3500738,CEFABIOT 500MG C/10 TAB (CEFUROXIMA)
3500753,EDARBI 40MG C/28 TAB (AZILSARTAN MEDOXOMILO)
3500760,UNASAL 1% CREMA 15G (TERBINAFINA)
3500763,FERRICOL 30MG/500MCG 30TAB. HIERRO/ACIDO FRLICO
3500765,APROVASC 300/10MG C/14 TAB IRBESARTAN-AMLODIPINO
3500775,TRAYENTA DUO 2.5/500MG. LINAGLIPINA/METFORMINA C30
3500780,DAXXAS 500 MCG C/30 TAB (ROFLUMILAST)
3500825,BLAXITEC 20MG C/20TAB. BILASTINA
3500828,PRIKUL 75MG C/28TAB PREGABALINA
3500829,TAFITRAM PARACETAMOL/TRAMADOL 325/37.5 MG C/20
3600131,ZYVOXAM TABLETAS 600MG C/10 (LINEZOLID)
3600183,INNEFOL 50MG/4 ML AMP C/1 ACIDO FOLINICO
3600195,EUTIROX 88MCG C/50LEVOTIROXINA SODICA
3800003,ALBUMINA HUMANA AL 20% 50ML
3800004,LIPITOR 10MG C/30 TAB(ATORVASTATINA)
